Student_ID,Age,Gender,Academic_Level,Country,Avg_Daily_Usage_Hours,Most_Used_Platform,Affects_Academic_Performance,Sleep_Hours_Per_Night,Mental_Health_Score,Relationship_Status,Conflicts_Over_Social_Media,Addicted_Score,Affects_Academic_Performance_Numeric,Addiction_Level,Cluster,Region,Platform_Type
1,19,Female,Undergraduate,Bangladesh,5.2,Instagram,Yes,6.5,6,In Relationship,3,8,1,High,2,Asia,Entertain-Scroll
2,22,Male,Graduate,India,2.1,Twitter,No,7.5,8,Single,0,3,0,Low,0,Asia,Social-Network
3,20,Female,Undergraduate,USA,6.0,TikTok,Yes,5.0,5,Complicated,4,9,1,High,1,North America,Entertain-Scroll
4,18,Male,High School,UK,3.0,YouTube,No,7.0,7,Single,1,4,0,Medium,0,Europe,Entertain-Scroll
5,21,Male,Graduate,Canada,4.5,Facebook,Yes,6.0,6,In Relationship,2,7,1,Medium,2,North America,Social-Network
6,19,Female,Undergraduate,Australia,7.2,Instagram,Yes,4.5,4,Complicated,5,9,1,High,1,Oceania,Entertain-Scroll
7,23,Male,Graduate,Germany,1.5,LinkedIn,No,8.0,9,Single,0,2,0,Low,0,Europe,Professional
8,20,Female,Undergraduate,Brazil,5.8,Snapchat,Yes,6.0,6,In Relationship,2,8,1,High,2,South America,Entertain-Scroll
9,18,Male,High School,Japan,4.0,TikTok,No,6.5,7,Single,1,5,0,Medium,0,Asia,Entertain-Scroll
10,21,Female,Graduate,South Korea,3.3,Instagram,No,7.0,7,In Relationship,1,4,0,Medium,0,Asia,Entertain-Scroll
11,19,Male,Undergraduate,France,4.8,Snapchat,Yes,6.2,5,Complicated,3,7,1,Medium,2,Europe,Entertain-Scroll
12,20,Female,Undergraduate,Spain,5.5,TikTok,Yes,5.8,6,In Relationship,2,8,1,High,2,Europe,Entertain-Scroll
13,22,Male,Graduate,Italy,2.8,LinkedIn,No,7.2,8,Single,1,4,0,Medium,0,Europe,Professional
14,18,Female,High School,Mexico,6.5,Instagram,Yes,5.5,5,Single,4,9,1,High,1,North America,Entertain-Scroll
15,21,Male,Undergraduate,Russia,3.7,YouTube,No,6.8,7,In Relationship,2,5,0,Medium,0,Europe,Entertain-Scroll
16,20,Female,Undergraduate,China,4.2,TikTok,Yes,6.0,6,Complicated,3,7,1,Medium,2,Asia,Entertain-Scroll
17,24,Male,Graduate,Sweden,2.0,LinkedIn,No,7.8,8,Single,0,3,0,Low,0,Europe,Professional
18,19,Female,High School,Norway,5.0,Instagram,Yes,5.7,5,In Relationship,3,8,1,High,1,Europe,Entertain-Scroll
19,21,Male,Undergraduate,Denmark,3.5,Facebook,No,6.7,7,Single,1,5,0,Medium,0,Europe,Social-Network
20,20,Female,Undergraduate,Netherlands,4.7,Snapchat,Yes,5.9,6,Complicated,3,7,1,Medium,2,Europe,Entertain-Scroll
21,18,Male,High School,Belgium,5.3,TikTok,Yes,5.5,5,Single,4,8,1,High,1,Europe,Entertain-Scroll
22,23,Female,Graduate,Switzerland,2.5,LinkedIn,No,7.3,8,In Relationship,1,4,0,Medium,0,Europe,Professional
23,19,Male,Undergraduate,Austria,4.9,Instagram,Yes,5.8,6,Complicated,3,7,1,Medium,2,Europe,Entertain-Scroll
24,20,Female,Undergraduate,Portugal,5.7,TikTok,Yes,5.4,5,Single,4,8,1,High,1,Europe,Entertain-Scroll
25,22,Male,Graduate,Greece,3.2,Facebook,No,6.9,7,In Relationship,2,5,0,Medium,0,Europe,Social-Network
26,19,Female,High School,Ireland,6.1,Instagram,Yes,5.2,5,Complicated,4,9,1,High,1,Europe,Entertain-Scroll
27,21,Male,Undergraduate,New Zealand,3.8,YouTube,No,6.6,7,Single,1,5,0,Medium,0,Oceania,Entertain-Scroll
28,20,Female,Undergraduate,Singapore,4.4,TikTok,Yes,5.9,6,In Relationship,3,7,1,Medium,2,Asia,Entertain-Scroll
29,24,Male,Graduate,Malaysia,2.2,LinkedIn,No,7.4,8,Single,0,3,0,Low,0,Asia,Professional
30,19,Female,High School,Thailand,5.9,Instagram,Yes,5.3,5,Complicated,4,8,1,High,1,Asia,Entertain-Scroll
31,21,Male,Undergraduate,Vietnam,3.6,Facebook,No,6.7,7,Single,1,5,0,Medium,0,Asia,Social-Network
32,20,Female,Undergraduate,Philippines,4.8,Snapchat,Yes,5.7,6,In Relationship,3,7,1,Medium,2,Asia,Entertain-Scroll
33,18,Male,High School,Indonesia,5.4,TikTok,Yes,5.4,5,Complicated,4,8,1,High,1,Asia,Entertain-Scroll
34,23,Female,Graduate,Taiwan,2.6,LinkedIn,No,7.2,8,Single,1,4,0,Medium,0,Asia,Professional
35,19,Male,Undergraduate,Hong Kong,4.7,Instagram,Yes,5.8,6,In Relationship,3,7,1,Medium,2,Asia,Entertain-Scroll
36,20,Female,Undergraduate,Turkey,5.6,TikTok,Yes,5.5,5,Complicated,4,8,1,High,1,Asia,Entertain-Scroll
37,22,Male,Graduate,Israel,3.1,Facebook,No,6.8,7,Single,1,5,0,Medium,0,Asia,Social-Network
38,19,Female,High School,UAE,6.2,Instagram,Yes,5.1,5,In Relationship,4,9,1,High,1,Asia,Entertain-Scroll
39,21,Male,Undergraduate,Egypt,3.9,YouTube,No,6.5,7,Complicated,2,6,0,Medium,0,Africa,Entertain-Scroll
40,20,Female,Undergraduate,Morocco,4.5,TikTok,Yes,5.8,6,Single,3,7,1,Medium,2,Africa,Entertain-Scroll
41,24,Male,Graduate,South Africa,2.3,LinkedIn,No,7.3,8,In Relationship,1,4,0,Medium,0,Africa,Professional
42,19,Female,High School,Nigeria,5.8,Instagram,Yes,5.4,5,Complicated,4,8,1,High,1,Africa,Entertain-Scroll
43,21,Male,Undergraduate,Kenya,3.7,Facebook,No,6.6,7,Single,2,5,0,Medium,0,Africa,Social-Network
44,20,Female,Undergraduate,Ghana,4.6,Snapchat,Yes,5.7,6,In Relationship,3,7,1,Medium,2,Africa,Entertain-Scroll
45,18,Male,High School,Argentina,5.5,TikTok,Yes,5.3,5,Single,4,8,1,High,1,South America,Entertain-Scroll
46,23,Female,Graduate,Chile,2.7,LinkedIn,No,7.1,8,Complicated,1,4,0,Medium,0,South America,Professional
47,19,Male,Undergraduate,Colombia,4.8,Instagram,Yes,5.9,6,In Relationship,3,7,1,Medium,2,South America,Entertain-Scroll
48,20,Female,Undergraduate,Peru,5.5,TikTok,Yes,5.6,5,Single,4,8,1,High,1,South America,Entertain-Scroll
49,22,Male,Graduate,Venezuela,3.3,Facebook,No,6.7,7,In Relationship,2,5,0,Medium,0,South America,Social-Network
50,19,Female,High School,Ecuador,6.3,Instagram,Yes,5.2,5,Complicated,4,9,1,High,1,South America,Entertain-Scroll
51,21,Male,Undergraduate,Uruguay,3.8,YouTube,No,6.4,7,Single,2,6,0,Medium,0,South America,Entertain-Scroll
52,20,Female,Undergraduate,Paraguay,4.7,TikTok,Yes,5.8,6,In Relationship,3,7,1,Medium,2,South America,Entertain-Scroll
53,24,Male,Graduate,Bolivia,2.4,LinkedIn,No,7.2,8,Complicated,1,4,0,Medium,0,South America,Professional
54,19,Female,High School,Costa Rica,5.7,Instagram,Yes,5.5,5,Single,4,8,1,High,1,North America,Entertain-Scroll
55,21,Male,Undergraduate,Panama,3.6,Facebook,No,6.5,7,In Relationship,2,5,0,Medium,0,North America,Social-Network
56,20,Female,Undergraduate,Jamaica,4.9,Snapchat,Yes,5.6,6,Complicated,3,7,1,Medium,2,North America,Entertain-Scroll
57,18,Male,High School,Trinidad,5.6,TikTok,Yes,5.2,5,Single,4,8,1,High,1,North America,Entertain-Scroll
58,23,Female,Graduate,Bahamas,2.8,LinkedIn,No,7.0,8,In Relationship,1,4,0,Medium,0,North America,Professional
59,19,Male,Undergraduate,Iceland,4.6,Instagram,Yes,5.9,6,Complicated,3,7,1,Medium,2,Europe,Entertain-Scroll
60,20,Female,Undergraduate,Finland,5.4,TikTok,Yes,5.7,5,Single,4,8,1,High,1,Europe,Entertain-Scroll
61,22,Male,Graduate,Poland,3.1,Facebook,No,7.1,7,Single,1,5,0,Medium,0,Europe,Social-Network
62,19,Female,Undergraduate,Romania,5.6,Instagram,Yes,5.6,5,In Relationship,3,8,1,High,1,Europe,Entertain-Scroll
63,20,Male,Undergraduate,Hungary,4.2,TikTok,Yes,6.0,6,Complicated,3,7,1,Medium,2,Europe,Entertain-Scroll
64,18,Female,High School,Czech Republic,6.1,Snapchat,Yes,5.2,4,Single,4,9,1,High,1,Europe,Entertain-Scroll
65,23,Male,Graduate,Slovakia,2.3,LinkedIn,No,7.4,8,In Relationship,1,3,0,Low,0,Europe,Professional
66,21,Female,Undergraduate,Croatia,4.8,Instagram,Yes,5.8,6,Single,3,7,1,Medium,2,Europe,Entertain-Scroll
67,20,Male,Undergraduate,Serbia,3.9,YouTube,No,6.5,7,Complicated,2,6,0,Medium,0,Europe,Entertain-Scroll
68,19,Female,High School,Slovenia,5.7,TikTok,Yes,5.4,5,In Relationship,4,8,1,High,1,Europe,Entertain-Scroll
69,22,Male,Graduate,Bulgaria,2.8,LinkedIn,No,7.2,8,Single,1,4,0,Medium,0,Europe,Professional
70,20,Female,Undergraduate,Estonia,4.5,Instagram,Yes,5.9,6,Complicated,3,7,1,Medium,2,Europe,Entertain-Scroll
71,18,Male,High School,Latvia,5.4,Snapchat,Yes,5.5,5,Single,4,8,1,High,1,Europe,Entertain-Scroll
72,21,Female,Graduate,Lithuania,3.2,Facebook,No,6.8,7,In Relationship,2,5,0,Medium,0,Europe,Social-Network
73,19,Male,Undergraduate,Ukraine,4.9,TikTok,Yes,5.7,6,Complicated,3,7,1,Medium,2,Europe,Entertain-Scroll
74,20,Female,Undergraduate,Moldova,5.8,Instagram,Yes,5.3,5,Single,4,8,1,High,1,Europe,Entertain-Scroll
75,23,Male,Graduate,Belarus,2.5,LinkedIn,No,7.3,8,In Relationship,1,4,0,Medium,0,Europe,Professional
76,21,Female,Undergraduate,Kazakhstan,4.6,Snapchat,Yes,5.8,6,Single,3,7,1,Medium,2,Asia,Entertain-Scroll
77,19,Male,High School,Uzbekistan,5.5,TikTok,Yes,5.4,5,Complicated,4,8,1,High,1,Asia,Entertain-Scroll
78,22,Female,Graduate,Kyrgyzstan,2.9,Facebook,No,7.0,7,In Relationship,2,5,0,Medium,0,Asia,Social-Network
79,20,Male,Undergraduate,Tajikistan,4.7,YouTube,Yes,5.9,6,Single,3,7,1,Medium,2,Asia,Entertain-Scroll
80,18,Female,High School,Armenia,5.9,Instagram,Yes,5.2,5,Complicated,4,9,1,High,1,Asia,Entertain-Scroll
81,21,Male,Graduate,Georgia,3.0,LinkedIn,No,7.1,8,In Relationship,1,4,0,Medium,0,Asia,Professional
82,19,Female,Undergraduate,Azerbaijan,4.8,TikTok,Yes,5.7,6,Single,3,7,1,Medium,2,Asia,Entertain-Scroll
83,20,Male,Undergraduate,Cyprus,3.8,Facebook,No,6.6,7,Complicated,2,6,0,Medium,0,Asia,Social-Network
84,22,Female,Graduate,Malta,2.7,LinkedIn,No,7.2,8,In Relationship,1,4,0,Medium,0,Europe,Professional
85,18,Male,High School,Luxembourg,5.6,Snapchat,Yes,5.3,5,Single,4,8,1,High,1,Europe,Entertain-Scroll
86,21,Female,Undergraduate,Monaco,4.5,Instagram,Yes,5.8,6,Complicated,3,7,1,Medium,2,Europe,Entertain-Scroll
87,19,Male,High School,Andorra,5.3,TikTok,Yes,5.5,5,In Relationship,4,8,1,High,1,Europe,Entertain-Scroll
88,23,Female,Graduate,San Marino,2.6,LinkedIn,No,7.3,8,Single,1,4,0,Medium,0,Europe,Professional
89,20,Male,Undergraduate,Vatican City,4.4,YouTube,Yes,6.0,6,Complicated,3,7,1,Medium,2,Europe,Entertain-Scroll
90,18,Female,High School,Liechtenstein,5.8,Instagram,Yes,5.2,5,Single,4,9,1,High,1,Europe,Entertain-Scroll
91,22,Male,Graduate,Montenegro,2.9,Facebook,No,7.0,7,In Relationship,2,5,0,Medium,0,Europe,Social-Network
92,19,Female,Undergraduate,Albania,4.7,TikTok,Yes,5.8,6,Complicated,3,7,1,Medium,2,Europe,Entertain-Scroll
93,21,Male,Undergraduate,North Macedonia,3.7,Snapchat,No,6.5,7,Single,2,6,0,Medium,0,Europe,Entertain-Scroll
94,20,Female,High School,Kosovo,5.5,Instagram,Yes,5.4,5,In Relationship,4,8,1,High,1,Europe,Entertain-Scroll
95,23,Male,Graduate,Bosnia,2.4,LinkedIn,No,7.4,8,Complicated,1,4,0,Medium,0,Europe,Professional
96,19,Female,Undergraduate,Qatar,4.9,TikTok,Yes,5.7,6,Single,3,7,1,Medium,2,Asia,Entertain-Scroll
97,18,Male,High School,Kuwait,5.7,Snapchat,Yes,5.3,5,In Relationship,4,8,1,High,1,Asia,Entertain-Scroll
98,22,Female,Graduate,Bahrain,2.8,LinkedIn,No,7.1,8,Complicated,1,4,0,Medium,0,Asia,Professional
99,20,Male,Undergraduate,Oman,4.6,Instagram,Yes,5.9,6,Single,3,7,1,Medium,2,Asia,Entertain-Scroll
100,21,Female,Undergraduate,Jordan,5.4,TikTok,Yes,5.5,5,In Relationship,4,8,1,High,1,Asia,Entertain-Scroll
101,19,Male,High School,Lebanon,5.8,YouTube,Yes,5.2,5,Complicated,4,9,1,High,1,Asia,Entertain-Scroll
102,23,Female,Graduate,Iraq,2.5,LinkedIn,No,7.3,8,Single,1,4,0,Medium,0,Asia,Professional
103,20,Male,Undergraduate,Yemen,4.7,Facebook,Yes,5.8,6,In Relationship,3,7,1,Medium,2,Asia,Social-Network
104,18,Female,High School,Syria,5.6,Instagram,Yes,5.4,5,Single,4,8,1,High,1,Asia,Entertain-Scroll
105,22,Male,Graduate,Afghanistan,2.9,LinkedIn,No,7.0,7,Complicated,2,5,0,Medium,0,Asia,Professional
106,19,Female,Undergraduate,Pakistan,4.8,TikTok,Yes,5.7,6,In Relationship,3,7,1,Medium,2,Asia,Entertain-Scroll
107,21,Male,Undergraduate,Nepal,3.8,YouTube,No,6.6,7,Single,2,6,0,Medium,0,Asia,Entertain-Scroll
108,20,Female,High School,Bhutan,5.5,Snapchat,Yes,5.5,5,Complicated,4,8,1,High,1,Asia,Entertain-Scroll
109,23,Male,Graduate,Sri Lanka,2.6,LinkedIn,No,7.2,8,In Relationship,1,4,0,Medium,0,Asia,Professional
110,19,Female,Undergraduate,Maldives,4.9,Instagram,Yes,5.8,6,Single,3,7,1,Medium,2,Asia,Entertain-Scroll
111,20,Male,Undergraduate,Bangladesh,6.1,Instagram,Yes,6.2,5,Single,4,8,1,High,1,Asia,Entertain-Scroll
112,21,Female,Undergraduate,India,5.8,TikTok,Yes,5.9,6,In Relationship,3,7,1,Medium,2,Asia,Entertain-Scroll
113,19,Male,Undergraduate,Nepal,4.9,Facebook,No,7.1,7,Single,2,5,0,Medium,0,Asia,Social-Network
114,22,Female,Graduate,Pakistan,5.5,Instagram,Yes,6.0,5,Single,4,8,1,High,1,Asia,Entertain-Scroll
115,20,Male,Undergraduate,Sri Lanka,5.2,TikTok,Yes,6.3,6,In Relationship,3,7,1,Medium,2,Asia,Entertain-Scroll
116,19,Female,Undergraduate,Maldives,4.8,Instagram,No,7.2,8,Single,2,5,0,Medium,0,Asia,Entertain-Scroll
117,21,Male,Graduate,Bangladesh,6.0,Facebook,Yes,5.8,5,In Relationship,4,8,1,High,1,Asia,Social-Network
118,20,Female,Undergraduate,India,5.7,Instagram,Yes,6.1,6,Single,3,7,1,Medium,2,Asia,Entertain-Scroll
119,22,Male,Graduate,Nepal,4.7,TikTok,No,7.3,7,Single,2,5,0,Medium,0,Asia,Entertain-Scroll
120,19,Female,Undergraduate,Pakistan,5.4,Instagram,Yes,6.2,5,In Relationship,4,8,1,High,1,Asia,Entertain-Scroll
121,20,Male,Undergraduate,Sri Lanka,5.9,Facebook,Yes,5.9,6,Single,3,7,1,Medium,2,Asia,Social-Network
122,21,Female,Graduate,Maldives,4.6,Instagram,No,7.4,8,In Relationship,2,5,0,Medium,0,Asia,Entertain-Scroll
123,19,Male,Undergraduate,Bangladesh,5.3,TikTok,Yes,6.3,5,Single,4,8,1,High,2,Asia,Entertain-Scroll
124,22,Female,Graduate,India,5.8,Instagram,Yes,5.8,6,In Relationship,3,7,1,Medium,2,Asia,Entertain-Scroll
125,20,Male,Undergraduate,Nepal,4.5,Facebook,No,7.5,7,Single,2,5,0,Medium,0,Asia,Social-Network
126,21,Female,Graduate,Pakistan,5.2,Instagram,Yes,6.4,5,In Relationship,4,8,1,High,2,Asia,Entertain-Scroll
127,19,Male,Undergraduate,Sri Lanka,5.7,TikTok,Yes,5.7,6,Single,3,7,1,Medium,2,Asia,Entertain-Scroll
128,20,Female,Undergraduate,Maldives,4.4,Instagram,No,7.6,8,In Relationship,2,5,0,Medium,0,Asia,Entertain-Scroll
129,22,Male,Graduate,Bangladesh,5.1,Facebook,Yes,6.5,5,Single,4,8,1,High,2,Asia,Social-Network
130,21,Female,Graduate,India,5.6,Instagram,Yes,5.6,6,In Relationship,3,7,1,Medium,2,Asia,Entertain-Scroll
131,19,Male,Undergraduate,Nepal,4.3,TikTok,No,7.7,7,Single,2,5,0,Medium,0,Asia,Entertain-Scroll
132,20,Female,Undergraduate,Pakistan,5.0,Instagram,Yes,6.6,5,In Relationship,4,8,1,High,2,Asia,Entertain-Scroll
133,22,Male,Graduate,Sri Lanka,5.5,Facebook,Yes,5.5,6,Single,3,7,1,Medium,2,Asia,Social-Network
134,21,Female,Graduate,Maldives,4.2,Instagram,No,7.8,8,In Relationship,2,5,0,Medium,0,Asia,Entertain-Scroll
135,19,Male,Undergraduate,Bangladesh,4.9,TikTok,Yes,6.7,5,Single,4,8,1,High,2,Asia,Entertain-Scroll
136,20,Female,Undergraduate,India,5.4,Instagram,Yes,5.4,6,In Relationship,3,7,1,Medium,2,Asia,Entertain-Scroll
137,22,Male,Graduate,Nepal,4.1,Facebook,No,7.9,7,Single,2,5,0,Medium,0,Asia,Social-Network
138,21,Female,Graduate,Pakistan,4.8,Instagram,Yes,6.8,5,In Relationship,4,8,1,High,2,Asia,Entertain-Scroll
139,19,Male,Undergraduate,Sri Lanka,5.3,TikTok,Yes,5.3,6,Single,3,7,1,Medium,2,Asia,Entertain-Scroll
140,20,Female,Undergraduate,Maldives,4.0,Instagram,No,8.0,8,In Relationship,2,5,0,Medium,0,Asia,Entertain-Scroll
141,22,Male,Graduate,Bangladesh,4.7,Facebook,Yes,6.9,5,Single,4,8,1,High,2,Asia,Social-Network
142,21,Female,Graduate,India,5.2,Instagram,Yes,5.2,6,In Relationship,3,7,1,Medium,2,Asia,Entertain-Scroll
143,19,Male,Undergraduate,Nepal,3.9,TikTok,No,8.1,7,Single,2,5,0,Medium,0,Asia,Entertain-Scroll
144,20,Female,Undergraduate,Pakistan,4.6,Instagram,Yes,7.0,5,In Relationship,4,8,1,High,2,Asia,Entertain-Scroll
145,22,Male,Graduate,Sri Lanka,5.1,Facebook,Yes,5.1,6,Single,3,7,1,Medium,2,Asia,Social-Network
146,21,Female,Graduate,Maldives,3.8,Instagram,No,8.2,8,In Relationship,2,5,0,Medium,0,Asia,Entertain-Scroll
147,19,Male,Undergraduate,Bangladesh,4.5,TikTok,Yes,7.1,5,Single,4,8,1,High,2,Asia,Entertain-Scroll
148,20,Female,Undergraduate,India,5.0,Instagram,Yes,5.0,6,In Relationship,3,7,1,Medium,2,Asia,Entertain-Scroll
149,22,Male,Graduate,Nepal,3.7,Facebook,No,8.3,7,Single,2,5,0,Medium,0,Asia,Social-Network
150,21,Female,Graduate,Pakistan,4.4,Instagram,Yes,7.2,5,In Relationship,4,8,1,High,2,Asia,Entertain-Scroll
151,19,Male,Undergraduate,Sri Lanka,4.9,TikTok,Yes,4.9,6,Single,3,7,1,Medium,2,Asia,Entertain-Scroll
152,20,Female,Undergraduate,Maldives,3.6,Instagram,No,8.4,8,In Relationship,2,5,0,Medium,0,Asia,Entertain-Scroll
153,22,Male,Graduate,Bangladesh,4.3,Facebook,Yes,7.3,5,Single,4,8,1,High,2,Asia,Social-Network
154,21,Female,Graduate,India,4.8,Instagram,Yes,4.8,6,In Relationship,3,7,1,Medium,2,Asia,Entertain-Scroll
155,19,Male,Undergraduate,Nepal,3.5,TikTok,No,8.5,7,Single,2,5,0,Medium,0,Asia,Entertain-Scroll
156,20,Female,Undergraduate,Pakistan,4.2,Instagram,Yes,7.4,5,In Relationship,4,8,1,High,2,Asia,Entertain-Scroll
157,22,Male,Graduate,Sri Lanka,4.7,Facebook,Yes,4.7,6,Single,3,7,1,Medium,2,Asia,Social-Network
158,21,Female,Graduate,Maldives,3.4,Instagram,No,8.6,8,In Relationship,2,5,0,Medium,0,Asia,Entertain-Scroll
159,19,Male,Undergraduate,Bangladesh,4.1,TikTok,Yes,7.5,5,Single,4,8,1,High,2,Asia,Entertain-Scroll
160,20,Female,Undergraduate,India,4.6,Instagram,Yes,4.6,6,In Relationship,3,7,1,Medium,2,Asia,Entertain-Scroll
161,19,Female,Undergraduate,Bangladesh,5.3,Instagram,Yes,6.1,5,Single,3,7,1,Medium,2,Asia,Entertain-Scroll
162,21,Male,Graduate,India,4.8,Facebook,No,7.2,7,In Relationship,2,6,0,Medium,0,Asia,Social-Network
163,20,Female,Undergraduate,Nepal,5.5,TikTok,Yes,5.9,6,Single,4,8,1,High,2,Asia,Entertain-Scroll
164,22,Male,Graduate,Pakistan,4.7,Instagram,Yes,6.3,5,In Relationship,3,7,1,Medium,2,Asia,Entertain-Scroll
165,19,Female,Undergraduate,Sri Lanka,5.1,Facebook,No,7.0,7,Single,2,5,0,Medium,0,Asia,Social-Network
166,21,Male,Graduate,Maldives,5.4,TikTok,Yes,6.0,6,In Relationship,4,8,1,High,2,Asia,Entertain-Scroll
167,20,Female,Undergraduate,Bangladesh,4.9,Instagram,Yes,6.4,5,Single,3,7,1,Medium,2,Asia,Entertain-Scroll
168,22,Male,Graduate,India,5.2,Facebook,No,7.1,7,In Relationship,2,6,0,Medium,2,Asia,Social-Network
169,19,Female,Undergraduate,Nepal,5.6,TikTok,Yes,5.8,6,Single,4,8,1,High,2,Asia,Entertain-Scroll
170,21,Male,Graduate,Pakistan,4.6,Instagram,Yes,6.5,5,In Relationship,3,7,1,Medium,2,Asia,Entertain-Scroll
171,20,Female,Undergraduate,Sri Lanka,5.0,Facebook,No,7.3,7,Single,2,5,0,Medium,0,Asia,Social-Network
172,22,Male,Graduate,Maldives,5.3,TikTok,Yes,5.7,6,In Relationship,4,8,1,High,2,Asia,Entertain-Scroll
173,19,Female,Undergraduate,Bangladesh,4.8,Instagram,Yes,6.6,5,Single,3,7,1,Medium,2,Asia,Entertain-Scroll
174,21,Male,Graduate,India,5.1,Facebook,No,7.4,7,In Relationship,2,6,0,Medium,0,Asia,Social-Network
175,20,Female,Undergraduate,Nepal,5.7,TikTok,Yes,5.6,6,Single,4,8,1,High,1,Asia,Entertain-Scroll
176,22,Male,Graduate,Pakistan,4.5,Instagram,Yes,6.7,5,In Relationship,3,7,1,Medium,2,Asia,Entertain-Scroll
177,19,Female,Undergraduate,Sri Lanka,4.9,Facebook,No,7.5,7,Single,2,5,0,Medium,0,Asia,Social-Network
178,21,Male,Graduate,Maldives,5.2,TikTok,Yes,5.5,6,In Relationship,4,8,1,High,2,Asia,Entertain-Scroll
179,20,Female,Undergraduate,Bangladesh,4.7,Instagram,Yes,6.8,5,Single,3,7,1,Medium,2,Asia,Entertain-Scroll
180,22,Male,Graduate,India,5.0,Facebook,No,7.6,7,In Relationship,2,6,0,Medium,0,Asia,Social-Network
181,19,Female,Undergraduate,Nepal,5.8,TikTok,Yes,5.4,6,Single,4,8,1,High,1,Asia,Entertain-Scroll
182,21,Male,Graduate,Pakistan,4.4,Instagram,Yes,6.9,5,In Relationship,3,7,1,Medium,2,Asia,Entertain-Scroll
183,20,Female,Undergraduate,Sri Lanka,4.8,Facebook,No,7.7,7,Single,2,5,0,Medium,0,Asia,Social-Network
184,22,Male,Graduate,Maldives,5.1,TikTok,Yes,5.3,6,In Relationship,4,8,1,High,2,Asia,Entertain-Scroll
185,19,Female,Undergraduate,Bangladesh,4.6,Instagram,Yes,7.0,5,Single,3,7,1,Medium,2,Asia,Entertain-Scroll
186,21,Male,Graduate,India,4.9,Facebook,No,7.8,7,In Relationship,2,6,0,Medium,0,Asia,Social-Network
187,20,Female,Undergraduate,Nepal,5.9,TikTok,Yes,5.2,6,Single,4,8,1,High,1,Asia,Entertain-Scroll
188,22,Male,Graduate,Pakistan,4.3,Instagram,Yes,7.1,5,In Relationship,3,7,1,Medium,2,Asia,Entertain-Scroll
189,19,Female,Undergraduate,Sri Lanka,4.7,Facebook,No,7.9,7,Single,2,5,0,Medium,0,Asia,Social-Network
190,21,Male,Graduate,Maldives,5.0,TikTok,Yes,5.1,6,In Relationship,4,8,1,High,1,Asia,Entertain-Scroll
191,20,Female,Undergraduate,Bangladesh,4.5,Instagram,Yes,7.2,5,Single,3,7,1,Medium,2,Asia,Entertain-Scroll
192,22,Male,Graduate,India,4.8,Facebook,No,8.0,7,In Relationship,2,6,0,Medium,0,Asia,Social-Network
193,19,Female,Undergraduate,Nepal,6.0,TikTok,Yes,5.0,6,Single,4,8,1,High,1,Asia,Entertain-Scroll
194,21,Male,Graduate,Pakistan,4.2,Instagram,Yes,7.3,5,In Relationship,3,7,1,Medium,2,Asia,Entertain-Scroll
195,20,Female,Undergraduate,Sri Lanka,4.6,Facebook,No,8.1,7,Single,2,5,0,Medium,0,Asia,Social-Network
196,22,Male,Graduate,Maldives,4.9,TikTok,Yes,4.9,6,In Relationship,4,8,1,High,1,Asia,Entertain-Scroll
197,19,Female,Undergraduate,Bangladesh,4.4,Instagram,Yes,7.4,5,Single,3,7,1,Medium,2,Asia,Entertain-Scroll
198,21,Male,Graduate,India,4.7,Facebook,No,8.2,7,In Relationship,2,6,0,Medium,0,Asia,Social-Network
199,20,Female,Undergraduate,Nepal,6.1,TikTok,Yes,4.8,6,Single,4,8,1,High,1,Asia,Entertain-Scroll
200,22,Male,Graduate,Pakistan,4.1,Instagram,Yes,7.5,5,In Relationship,3,7,1,Medium,2,Asia,Entertain-Scroll
201,19,Female,Undergraduate,Sri Lanka,4.5,Facebook,No,8.3,7,Single,2,5,0,Medium,0,Asia,Social-Network
202,21,Male,Graduate,Maldives,4.8,TikTok,Yes,4.7,6,In Relationship,4,8,1,High,1,Asia,Entertain-Scroll
203,20,Female,Undergraduate,Bangladesh,4.3,Instagram,Yes,7.6,5,Single,3,7,1,Medium,2,Asia,Entertain-Scroll
204,22,Male,Graduate,India,4.6,Facebook,No,8.4,7,In Relationship,2,6,0,Medium,0,Asia,Social-Network
205,19,Female,Undergraduate,Nepal,6.2,TikTok,Yes,4.6,6,Single,4,8,1,High,1,Asia,Entertain-Scroll
206,21,Male,Graduate,Pakistan,4.0,Instagram,Yes,7.7,5,In Relationship,3,7,1,Medium,2,Asia,Entertain-Scroll
207,20,Female,Undergraduate,Sri Lanka,4.4,Facebook,No,8.5,7,Single,2,5,0,Medium,0,Asia,Social-Network
208,22,Male,Graduate,Maldives,4.7,TikTok,Yes,4.5,6,In Relationship,4,8,1,High,1,Asia,Entertain-Scroll
209,19,Female,Undergraduate,Bangladesh,4.2,Instagram,Yes,7.8,5,Single,3,7,1,Medium,2,Asia,Entertain-Scroll
210,21,Male,Graduate,India,4.5,Facebook,No,8.6,7,In Relationship,2,6,0,Medium,0,Asia,Social-Network
211,20,Female,Undergraduate,Nepal,6.3,TikTok,Yes,4.4,6,Single,4,8,1,High,1,Asia,Entertain-Scroll
212,22,Male,Graduate,Pakistan,3.9,Instagram,Yes,7.9,5,In Relationship,3,7,1,Medium,2,Asia,Entertain-Scroll
213,19,Female,Undergraduate,Sri Lanka,4.3,Facebook,No,8.7,7,Single,2,5,0,Medium,0,Asia,Social-Network
214,21,Male,Graduate,Maldives,4.6,TikTok,Yes,4.3,6,In Relationship,4,8,1,High,1,Asia,Entertain-Scroll
215,20,Female,Undergraduate,Bangladesh,4.1,Instagram,Yes,8.0,5,Single,3,7,1,Medium,2,Asia,Entertain-Scroll
216,22,Male,Graduate,India,4.4,Facebook,No,8.8,7,In Relationship,2,6,0,Medium,0,Asia,Social-Network
217,19,Female,Undergraduate,Nepal,6.4,TikTok,Yes,4.2,6,Single,4,8,1,High,1,Asia,Entertain-Scroll
218,21,Male,Graduate,Pakistan,3.8,Instagram,Yes,8.1,5,In Relationship,3,7,1,Medium,2,Asia,Entertain-Scroll
219,20,Female,Undergraduate,Sri Lanka,4.2,Facebook,No,8.9,7,Single,2,5,0,Medium,0,Asia,Social-Network
220,22,Male,Graduate,Maldives,4.5,TikTok,Yes,4.1,6,In Relationship,4,8,1,High,1,Asia,Entertain-Scroll
221,19,Female,Undergraduate,USA,6.5,Instagram,Yes,6.0,5,Single,4,9,1,High,1,North America,Entertain-Scroll
222,21,Male,Graduate,UK,5.8,TikTok,Yes,6.5,6,In Relationship,3,7,1,Medium,2,Europe,Entertain-Scroll
223,20,Female,Undergraduate,Australia,4.5,Instagram,No,7.5,8,Single,2,5,0,Medium,0,Oceania,Entertain-Scroll
224,22,Male,Graduate,Germany,4.2,Facebook,No,7.8,7,In Relationship,2,4,0,Medium,0,Europe,Social-Network
225,19,Female,Undergraduate,Japan,3.8,LINE,No,7.9,8,Single,1,3,0,Low,0,Asia,Direct-Messaging
226,21,Male,Graduate,Italy,5.5,Instagram,Yes,6.8,6,Single,3,7,1,Medium,2,Europe,Entertain-Scroll
227,20,Female,Undergraduate,South Korea,5.2,KakaoTalk,Yes,6.5,6,In Relationship,3,6,1,Medium,2,Asia,Direct-Messaging
228,22,Male,Graduate,Russia,4.8,VKontakte,No,7.2,7,Single,2,5,0,Medium,0,Europe,Social-Network
229,19,Female,Undergraduate,USA,7.0,TikTok,Yes,5.8,4,In Relationship,4,9,1,High,1,North America,Entertain-Scroll
230,21,Male,Graduate,UK,5.5,Instagram,Yes,6.7,6,Single,3,7,1,Medium,2,Europe,Entertain-Scroll
231,20,Female,Undergraduate,Australia,4.7,Facebook,No,7.4,7,In Relationship,2,5,0,Medium,0,Oceania,Social-Network
232,22,Male,Graduate,Germany,4.0,Instagram,No,7.9,8,Single,1,4,0,Medium,0,Europe,Entertain-Scroll
233,19,Female,Undergraduate,Japan,3.5,LINE,No,8.0,8,Single,1,3,0,Low,0,Asia,Direct-Messaging
234,21,Male,Graduate,Italy,5.7,TikTok,Yes,6.5,5,In Relationship,3,8,1,High,1,Europe,Entertain-Scroll
235,20,Female,Undergraduate,South Korea,5.0,KakaoTalk,Yes,6.8,6,Single,3,6,1,Medium,2,Asia,Direct-Messaging
236,22,Male,Graduate,Russia,4.5,VKontakte,No,7.4,7,In Relationship,2,5,0,Medium,0,Europe,Social-Network
237,19,Female,Undergraduate,USA,6.8,Instagram,Yes,5.9,4,Single,4,9,1,High,1,North America,Entertain-Scroll
238,21,Male,Graduate,UK,5.6,Facebook,Yes,6.6,6,In Relationship,3,7,1,Medium,2,Europe,Social-Network
239,20,Female,Undergraduate,Australia,4.6,Instagram,No,7.3,7,Single,2,5,0,Medium,0,Oceania,Entertain-Scroll
240,22,Male,Graduate,Germany,4.1,Facebook,No,7.7,8,In Relationship,2,4,0,Medium,0,Europe,Social-Network
241,19,Female,Undergraduate,Japan,3.7,LINE,No,7.8,8,Single,1,3,0,Low,0,Asia,Direct-Messaging
242,21,Male,Graduate,Italy,5.4,Instagram,Yes,6.7,5,Single,3,7,1,Medium,2,Europe,Entertain-Scroll
243,20,Female,Undergraduate,South Korea,5.1,KakaoTalk,Yes,6.6,6,In Relationship,3,6,1,Medium,2,Asia,Direct-Messaging
244,22,Male,Graduate,Russia,4.7,VKontakte,No,7.3,7,Single,2,5,0,Medium,0,Europe,Social-Network
245,19,Female,Undergraduate,USA,6.9,TikTok,Yes,5.7,4,In Relationship,4,9,1,High,1,North America,Entertain-Scroll
246,21,Male,Graduate,UK,5.7,Instagram,Yes,6.4,6,Single,3,7,1,Medium,2,Europe,Entertain-Scroll
247,20,Female,Undergraduate,Australia,4.8,Facebook,No,7.2,7,In Relationship,2,5,0,Medium,0,Oceania,Social-Network
248,22,Male,Graduate,Germany,3.9,Instagram,No,7.8,8,Single,1,4,0,Medium,0,Europe,Entertain-Scroll
249,19,Female,Undergraduate,Japan,3.6,LINE,No,8.1,8,Single,1,3,0,Low,0,Asia,Direct-Messaging
250,21,Male,Graduate,Italy,5.6,TikTok,Yes,6.6,5,In Relationship,3,8,1,High,2,Europe,Entertain-Scroll
251,20,Female,Undergraduate,South Korea,4.9,KakaoTalk,Yes,6.9,6,Single,3,6,1,Medium,2,Asia,Direct-Messaging
252,22,Male,Graduate,Russia,4.6,VKontakte,No,7.5,7,In Relationship,2,5,0,Medium,0,Europe,Social-Network
253,19,Female,Undergraduate,USA,6.7,Instagram,Yes,5.8,4,Single,4,9,1,High,1,North America,Entertain-Scroll
254,21,Male,Graduate,UK,5.4,Facebook,Yes,6.5,6,In Relationship,3,7,1,Medium,2,Europe,Social-Network
255,20,Female,Undergraduate,Australia,4.4,Instagram,No,7.4,7,Single,2,5,0,Medium,0,Oceania,Entertain-Scroll
256,22,Male,Graduate,Germany,4.0,Facebook,No,7.6,8,In Relationship,2,4,0,Medium,0,Europe,Social-Network
257,19,Female,Undergraduate,Japan,3.4,LINE,No,8.2,8,Single,1,3,0,Low,0,Asia,Direct-Messaging
258,21,Male,Graduate,Italy,5.3,Instagram,Yes,6.8,5,Single,3,7,1,Medium,2,Europe,Entertain-Scroll
259,20,Female,Undergraduate,South Korea,5.0,KakaoTalk,Yes,6.7,6,In Relationship,3,6,1,Medium,2,Asia,Direct-Messaging
260,22,Male,Graduate,Russia,4.4,VKontakte,No,7.6,7,Single,2,5,0,Medium,0,Europe,Social-Network
261,19,Female,Undergraduate,USA,6.6,TikTok,Yes,5.6,4,In Relationship,4,9,1,High,1,North America,Entertain-Scroll
262,21,Male,Graduate,UK,5.3,Instagram,Yes,6.3,6,Single,3,7,1,Medium,2,Europe,Entertain-Scroll
263,20,Female,Undergraduate,Australia,4.3,Facebook,No,7.5,7,In Relationship,2,5,0,Medium,0,Oceania,Social-Network
264,22,Male,Graduate,Germany,3.8,Instagram,No,7.7,8,Single,1,4,0,Medium,0,Europe,Entertain-Scroll
265,19,Female,Undergraduate,Japan,3.3,LINE,No,8.3,8,Single,1,3,0,Low,0,Asia,Direct-Messaging
266,21,Male,Graduate,Italy,5.2,TikTok,Yes,6.9,5,In Relationship,3,8,1,High,2,Europe,Entertain-Scroll
267,20,Female,Undergraduate,South Korea,4.8,KakaoTalk,Yes,7.0,6,Single,3,6,1,Medium,2,Asia,Direct-Messaging
268,22,Male,Graduate,Russia,4.3,VKontakte,No,7.7,7,In Relationship,2,5,0,Medium,0,Europe,Social-Network
269,19,Female,Undergraduate,USA,6.4,Instagram,Yes,5.7,4,Single,4,9,1,High,1,North America,Entertain-Scroll
270,21,Male,Graduate,UK,5.2,Facebook,Yes,6.4,6,In Relationship,3,7,1,Medium,2,Europe,Social-Network
271,20,Female,Undergraduate,Australia,4.5,Instagram,No,7.3,7,Single,2,5,0,Medium,0,Oceania,Entertain-Scroll
272,22,Male,Graduate,Germany,3.7,Facebook,No,7.8,8,In Relationship,1,4,0,Medium,0,Europe,Social-Network
273,19,Female,Undergraduate,Japan,3.2,LINE,No,8.4,8,Single,1,3,0,Low,0,Asia,Direct-Messaging
274,21,Male,Graduate,Italy,5.4,Instagram,Yes,6.7,5,Single,3,7,1,Medium,2,Europe,Entertain-Scroll
275,20,Female,Undergraduate,South Korea,4.7,KakaoTalk,Yes,7.1,6,In Relationship,3,6,1,Medium,2,Asia,Direct-Messaging
276,22,Male,Graduate,Russia,4.2,VKontakte,No,7.8,7,Single,2,5,0,Medium,0,Europe,Social-Network
277,19,Female,Undergraduate,USA,6.6,TikTok,Yes,5.5,4,In Relationship,4,9,1,High,1,North America,Entertain-Scroll
278,21,Male,Graduate,UK,5.1,Instagram,Yes,6.5,6,Single,3,7,1,Medium,2,Europe,Entertain-Scroll
279,20,Female,Undergraduate,Australia,4.4,Facebook,No,7.4,7,In Relationship,2,5,0,Medium,0,Oceania,Social-Network
280,22,Male,Graduate,Germany,3.6,Instagram,No,7.9,8,Single,1,4,0,Medium,0,Europe,Entertain-Scroll
281,19,Female,Undergraduate,Japan,3.1,LINE,No,8.5,8,Single,1,3,0,Low,0,Asia,Direct-Messaging
282,21,Male,Graduate,Italy,5.3,TikTok,Yes,6.8,5,In Relationship,3,8,1,High,2,Europe,Entertain-Scroll
283,20,Female,Undergraduate,South Korea,4.6,KakaoTalk,Yes,7.2,6,Single,3,6,1,Medium,2,Asia,Direct-Messaging
284,22,Male,Graduate,Russia,4.1,VKontakte,No,7.9,7,In Relationship,2,5,0,Medium,0,Europe,Social-Network
285,19,Female,Undergraduate,USA,6.7,Instagram,Yes,5.4,4,Single,4,9,1,High,1,North America,Entertain-Scroll
286,21,Male,Graduate,UK,5.0,Facebook,Yes,6.6,6,In Relationship,3,7,1,Medium,2,Europe,Social-Network
287,20,Female,Undergraduate,Australia,4.3,Instagram,No,7.5,7,Single,2,5,0,Medium,0,Oceania,Entertain-Scroll
288,22,Male,Graduate,Germany,3.5,Facebook,No,8.0,8,In Relationship,1,4,0,Medium,0,Europe,Social-Network
289,19,Female,Undergraduate,Japan,3.0,LINE,No,8.6,8,Single,1,3,0,Low,0,Asia,Direct-Messaging
290,21,Male,Graduate,Italy,5.2,Instagram,Yes,6.9,5,Single,3,7,1,Medium,2,Europe,Entertain-Scroll
291,20,Female,Undergraduate,South Korea,4.5,KakaoTalk,Yes,7.3,6,In Relationship,3,6,1,Medium,2,Asia,Direct-Messaging
292,22,Male,Graduate,Russia,4.0,VKontakte,No,8.0,7,Single,2,5,0,Medium,0,Europe,Social-Network
293,19,Female,Undergraduate,USA,6.8,TikTok,Yes,5.3,4,In Relationship,4,9,1,High,1,North America,Entertain-Scroll
294,21,Male,Graduate,UK,4.9,Instagram,Yes,6.7,6,Single,3,7,1,Medium,2,Europe,Entertain-Scroll
295,20,Female,Undergraduate,Australia,4.2,Facebook,No,7.6,7,In Relationship,2,5,0,Medium,0,Oceania,Social-Network
296,22,Male,Graduate,Germany,3.4,Instagram,No,8.1,8,Single,1,4,0,Medium,0,Europe,Entertain-Scroll
297,19,Female,Undergraduate,Japan,2.9,LINE,No,8.7,8,Single,1,3,0,Low,0,Asia,Direct-Messaging
298,21,Male,Graduate,Italy,5.1,TikTok,Yes,7.0,5,In Relationship,3,8,1,High,2,Europe,Entertain-Scroll
299,20,Female,Undergraduate,South Korea,4.4,KakaoTalk,Yes,7.4,6,Single,3,6,1,Medium,2,Asia,Direct-Messaging
300,22,Male,Graduate,Russia,3.9,VKontakte,No,8.1,7,In Relationship,2,5,0,Medium,0,Europe,Social-Network
301,19,Female,Undergraduate,USA,6.9,Instagram,Yes,5.2,4,Single,4,9,1,High,1,North America,Entertain-Scroll
302,21,Male,Graduate,UK,4.8,Facebook,Yes,6.8,6,In Relationship,3,7,1,Medium,2,Europe,Social-Network
303,20,Female,Undergraduate,Australia,4.1,Instagram,No,7.7,7,Single,2,5,0,Medium,0,Oceania,Entertain-Scroll
304,22,Male,Graduate,Germany,3.3,Facebook,No,8.2,8,In Relationship,1,4,0,Medium,0,Europe,Social-Network
305,19,Female,Undergraduate,Japan,2.8,LINE,No,8.8,8,Single,1,3,0,Low,0,Asia,Direct-Messaging
306,21,Male,Graduate,Italy,5.0,Instagram,Yes,7.1,5,Single,3,7,1,Medium,2,Europe,Entertain-Scroll
307,20,Female,Undergraduate,South Korea,4.3,KakaoTalk,Yes,7.5,6,In Relationship,3,6,1,Medium,2,Asia,Direct-Messaging
308,22,Male,Graduate,Russia,3.8,VKontakte,No,8.2,7,Single,2,5,0,Medium,0,Europe,Social-Network
309,19,Female,Undergraduate,USA,7.0,TikTok,Yes,5.1,4,In Relationship,4,9,1,High,1,North America,Entertain-Scroll
310,21,Male,Graduate,UK,4.7,Instagram,Yes,6.9,6,Single,3,7,1,Medium,2,Europe,Entertain-Scroll
311,20,Female,Undergraduate,Australia,4.0,Facebook,No,7.8,7,In Relationship,2,5,0,Medium,0,Oceania,Social-Network
312,22,Male,Graduate,Germany,3.2,Instagram,No,8.3,8,Single,1,4,0,Medium,0,Europe,Entertain-Scroll
313,19,Female,Undergraduate,Japan,2.7,LINE,No,8.9,8,Single,1,3,0,Low,0,Asia,Direct-Messaging
314,21,Male,Graduate,Italy,4.9,TikTok,Yes,7.2,5,In Relationship,3,8,1,High,2,Europe,Entertain-Scroll
315,20,Female,Undergraduate,South Korea,4.2,KakaoTalk,Yes,7.6,6,Single,3,6,1,Medium,2,Asia,Direct-Messaging
316,22,Male,Graduate,Russia,3.7,VKontakte,No,8.3,7,In Relationship,2,5,0,Medium,0,Europe,Social-Network
317,19,Female,Undergraduate,USA,7.1,Instagram,Yes,5.0,4,Single,4,9,1,High,1,North America,Entertain-Scroll
318,21,Male,Graduate,UK,4.6,Facebook,Yes,7.0,6,In Relationship,3,7,1,Medium,2,Europe,Social-Network
319,20,Female,Undergraduate,Australia,3.9,Instagram,No,7.9,7,Single,2,5,0,Medium,0,Oceania,Entertain-Scroll
320,22,Male,Graduate,Germany,3.1,Facebook,No,8.4,8,In Relationship,1,4,0,Medium,0,Europe,Social-Network
321,19,Female,Undergraduate,Spain,5.2,Instagram,Yes,6.8,6,Single,3,7,1,Medium,2,Europe,Entertain-Scroll
322,21,Male,Graduate,Denmark,4.1,Facebook,No,7.8,8,In Relationship,2,4,0,Medium,0,Europe,Social-Network
323,20,Female,Undergraduate,Ireland,5.0,Instagram,Yes,7.0,7,Single,3,6,1,Medium,2,Europe,Entertain-Scroll
324,22,Male,Graduate,India,5.8,WhatsApp,Yes,6.5,5,In Relationship,4,8,1,High,1,Asia,Direct-Messaging
325,19,Female,Undergraduate,Switzerland,4.0,Instagram,No,7.9,8,Single,2,4,0,Medium,0,Europe,Entertain-Scroll
326,21,Male,Graduate,Turkey,5.5,Instagram,Yes,6.7,6,Single,3,7,1,Medium,2,Asia,Entertain-Scroll
327,20,Female,Undergraduate,USA,6.8,TikTok,Yes,5.5,5,In Relationship,4,9,1,High,1,North America,Entertain-Scroll
328,22,Male,Graduate,Mexico,5.6,WhatsApp,Yes,6.6,6,Single,3,7,1,Medium,2,North America,Direct-Messaging
329,19,Female,Undergraduate,France,4.5,Instagram,No,7.5,7,In Relationship,2,5,0,Medium,0,Europe,Entertain-Scroll
330,21,Male,Graduate,Canada,5.3,Instagram,Yes,6.9,6,Single,3,7,1,Medium,2,North America,Entertain-Scroll
331,20,Female,Undergraduate,Spain,5.1,TikTok,Yes,6.7,6,Single,3,7,1,Medium,2,Europe,Entertain-Scroll
332,22,Male,Graduate,Denmark,3.9,Facebook,No,7.9,8,In Relationship,2,4,0,Medium,0,Europe,Social-Network
333,19,Female,Undergraduate,Ireland,4.8,Instagram,Yes,7.1,7,Single,3,6,1,Medium,2,Europe,Entertain-Scroll
334,21,Male,Graduate,India,5.9,WhatsApp,Yes,6.4,5,In Relationship,4,8,1,High,1,Asia,Direct-Messaging
335,20,Female,Undergraduate,Switzerland,3.8,Instagram,No,8.0,8,Single,2,4,0,Medium,0,Europe,Entertain-Scroll
336,22,Male,Graduate,Turkey,5.4,TikTok,Yes,6.8,6,Single,3,7,1,Medium,2,Asia,Entertain-Scroll
337,19,Female,Undergraduate,USA,6.9,Instagram,Yes,5.4,5,In Relationship,4,9,1,High,1,North America,Entertain-Scroll
338,21,Male,Graduate,Mexico,5.7,WhatsApp,Yes,6.5,6,Single,3,7,1,Medium,2,North America,Direct-Messaging
339,20,Female,Undergraduate,France,4.4,Instagram,No,7.6,7,In Relationship,2,5,0,Medium,0,Europe,Entertain-Scroll
340,22,Male,Graduate,Canada,5.2,TikTok,Yes,7.0,6,Single,3,7,1,Medium,2,North America,Entertain-Scroll
341,19,Female,Undergraduate,Spain,5.0,Instagram,Yes,6.9,6,Single,3,7,1,Medium,2,Europe,Entertain-Scroll
342,21,Male,Graduate,Denmark,3.8,Facebook,No,8.0,8,In Relationship,2,4,0,Medium,0,Europe,Social-Network
343,20,Female,Undergraduate,Ireland,4.7,TikTok,Yes,7.2,7,Single,3,6,1,Medium,0,Europe,Entertain-Scroll
344,22,Male,Graduate,India,6.0,WhatsApp,Yes,6.3,5,In Relationship,4,8,1,High,1,Asia,Direct-Messaging
345,19,Female,Undergraduate,Switzerland,3.7,Instagram,No,8.1,8,Single,2,4,0,Medium,0,Europe,Entertain-Scroll
346,21,Male,Graduate,Turkey,5.3,Instagram,Yes,6.9,6,Single,3,7,1,Medium,2,Asia,Entertain-Scroll
347,20,Female,Undergraduate,USA,7.0,TikTok,Yes,5.3,5,In Relationship,4,9,1,High,1,North America,Entertain-Scroll
348,22,Male,Graduate,Mexico,5.8,WhatsApp,Yes,6.4,6,Single,3,7,1,Medium,2,North America,Direct-Messaging
349,19,Female,Undergraduate,France,4.3,Instagram,No,7.7,7,In Relationship,2,5,0,Medium,0,Europe,Entertain-Scroll
350,21,Male,Graduate,Canada,5.1,Instagram,Yes,7.1,6,Single,3,7,1,Medium,2,North America,Entertain-Scroll
351,20,Female,Undergraduate,Spain,4.9,TikTok,Yes,7.0,6,Single,3,7,1,Medium,2,Europe,Entertain-Scroll
352,22,Male,Graduate,Denmark,3.7,Facebook,No,8.1,8,In Relationship,2,4,0,Medium,0,Europe,Social-Network
353,19,Female,Undergraduate,Ireland,4.6,Instagram,Yes,7.3,7,Single,3,6,1,Medium,0,Europe,Entertain-Scroll
354,21,Male,Graduate,India,6.1,WhatsApp,Yes,6.2,5,In Relationship,4,8,1,High,1,Asia,Direct-Messaging
355,20,Female,Undergraduate,Switzerland,3.6,Instagram,No,8.2,8,Single,2,4,0,Medium,0,Europe,Entertain-Scroll
356,22,Male,Graduate,Turkey,5.2,TikTok,Yes,7.0,6,Single,3,7,1,Medium,2,Asia,Entertain-Scroll
357,19,Female,Undergraduate,USA,7.1,Instagram,Yes,5.2,5,In Relationship,4,9,1,High,1,North America,Entertain-Scroll
358,21,Male,Graduate,Mexico,5.9,WhatsApp,Yes,6.3,6,Single,3,7,1,Medium,2,North America,Direct-Messaging
359,20,Female,Undergraduate,France,4.2,Instagram,No,7.8,7,In Relationship,2,5,0,Medium,0,Europe,Entertain-Scroll
360,22,Male,Graduate,Canada,5.0,TikTok,Yes,7.2,6,Single,3,7,1,Medium,2,North America,Entertain-Scroll
361,19,Female,Undergraduate,Spain,4.8,Instagram,Yes,7.1,6,Single,3,7,1,Medium,2,Europe,Entertain-Scroll
362,21,Male,Graduate,Denmark,3.6,Facebook,No,8.2,8,In Relationship,2,4,0,Medium,0,Europe,Social-Network
363,20,Female,Undergraduate,Ireland,4.5,TikTok,Yes,7.4,7,Single,3,6,1,Medium,0,Europe,Entertain-Scroll
364,22,Male,Graduate,India,6.2,WhatsApp,Yes,6.1,5,In Relationship,4,8,1,High,1,Asia,Direct-Messaging
365,19,Female,Undergraduate,Switzerland,3.5,Instagram,No,8.3,8,Single,2,4,0,Medium,0,Europe,Entertain-Scroll
366,21,Male,Graduate,Turkey,5.1,Instagram,Yes,7.1,6,Single,3,7,1,Medium,2,Asia,Entertain-Scroll
367,20,Female,Undergraduate,USA,7.2,TikTok,Yes,5.1,5,In Relationship,4,9,1,High,1,North America,Entertain-Scroll
368,22,Male,Graduate,Mexico,6.0,WhatsApp,Yes,6.2,6,Single,3,7,1,Medium,2,North America,Direct-Messaging
369,19,Female,Undergraduate,France,4.1,Instagram,No,7.9,7,In Relationship,2,5,0,Medium,0,Europe,Entertain-Scroll
370,21,Male,Graduate,Canada,4.9,Instagram,Yes,7.3,6,Single,3,7,1,Medium,2,North America,Entertain-Scroll
371,20,Female,Undergraduate,Spain,4.7,TikTok,Yes,7.2,6,Single,3,7,1,Medium,2,Europe,Entertain-Scroll
372,22,Male,Graduate,Denmark,3.5,Facebook,No,8.3,8,In Relationship,2,4,0,Medium,0,Europe,Social-Network
373,19,Female,Undergraduate,Ireland,4.4,Instagram,Yes,7.5,7,Single,3,6,1,Medium,0,Europe,Entertain-Scroll
374,21,Male,Graduate,India,6.3,WhatsApp,Yes,6.0,5,In Relationship,4,8,1,High,1,Asia,Direct-Messaging
375,20,Female,Undergraduate,Switzerland,3.4,Instagram,No,8.4,8,Single,2,4,0,Medium,0,Europe,Entertain-Scroll
376,22,Male,Graduate,Turkey,5.0,TikTok,Yes,7.2,6,Single,3,7,1,Medium,2,Asia,Entertain-Scroll
377,19,Female,Undergraduate,USA,7.3,Instagram,Yes,5.0,5,In Relationship,4,9,1,High,1,North America,Entertain-Scroll
378,21,Male,Graduate,Mexico,6.1,WhatsApp,Yes,6.1,6,Single,3,7,1,Medium,2,North America,Direct-Messaging
379,20,Female,Undergraduate,France,4.0,Instagram,No,8.0,7,In Relationship,2,5,0,Medium,0,Europe,Entertain-Scroll
380,22,Male,Graduate,Canada,4.8,TikTok,Yes,7.4,6,Single,3,7,1,Medium,2,North America,Entertain-Scroll
381,19,Female,Undergraduate,Spain,4.6,Instagram,Yes,7.3,6,Single,3,7,1,Medium,2,Europe,Entertain-Scroll
382,21,Male,Graduate,Denmark,3.4,Facebook,No,8.4,8,In Relationship,2,4,0,Medium,0,Europe,Social-Network
383,20,Female,Undergraduate,Ireland,4.3,TikTok,Yes,7.6,7,Single,3,6,1,Medium,0,Europe,Entertain-Scroll
384,22,Male,Graduate,India,6.4,WhatsApp,Yes,5.9,5,In Relationship,4,8,1,High,1,Asia,Direct-Messaging
385,19,Female,Undergraduate,Switzerland,3.3,Instagram,No,8.5,8,Single,2,4,0,Medium,0,Europe,Entertain-Scroll
386,21,Male,Graduate,Turkey,4.9,Instagram,Yes,7.3,6,Single,3,7,1,Medium,2,Asia,Entertain-Scroll
387,20,Female,Undergraduate,USA,7.4,TikTok,Yes,4.9,5,In Relationship,4,9,1,High,1,North America,Entertain-Scroll
388,22,Male,Graduate,Mexico,6.2,WhatsApp,Yes,6.0,6,Single,3,7,1,Medium,2,North America,Direct-Messaging
389,19,Female,Undergraduate,France,3.9,Instagram,No,8.1,7,In Relationship,2,5,0,Medium,0,Europe,Entertain-Scroll
390,21,Male,Graduate,Canada,4.7,Instagram,Yes,7.5,6,Single,3,7,1,Medium,2,North America,Entertain-Scroll
391,20,Female,Undergraduate,Spain,4.5,TikTok,Yes,7.4,6,Single,3,7,1,Medium,2,Europe,Entertain-Scroll
392,22,Male,Graduate,Denmark,3.3,Facebook,No,8.5,8,In Relationship,2,4,0,Medium,0,Europe,Social-Network
393,19,Female,Undergraduate,Ireland,4.2,Instagram,Yes,7.7,7,Single,3,6,1,Medium,0,Europe,Entertain-Scroll
394,21,Male,Graduate,India,6.5,WhatsApp,Yes,5.8,5,In Relationship,4,8,1,High,1,Asia,Direct-Messaging
395,20,Female,Undergraduate,Switzerland,3.2,Instagram,No,8.6,8,Single,2,4,0,Medium,0,Europe,Entertain-Scroll
396,22,Male,Graduate,Turkey,4.8,TikTok,Yes,7.4,6,Single,3,7,1,Medium,2,Asia,Entertain-Scroll
397,19,Female,Undergraduate,USA,7.5,Instagram,Yes,4.8,5,In Relationship,4,9,1,High,1,North America,Entertain-Scroll
398,21,Male,Graduate,Mexico,6.3,WhatsApp,Yes,5.9,6,Single,3,7,1,Medium,1,North America,Direct-Messaging
399,20,Female,Undergraduate,France,3.8,Instagram,No,8.2,7,In Relationship,2,5,0,Medium,0,Europe,Entertain-Scroll
400,22,Male,Graduate,Canada,4.6,TikTok,Yes,7.6,6,Single,3,7,1,Medium,2,North America,Entertain-Scroll
401,19,Female,Undergraduate,Spain,4.4,Instagram,Yes,7.5,6,Single,3,7,1,Medium,2,Europe,Entertain-Scroll
402,21,Male,Graduate,Denmark,3.2,Facebook,No,8.6,8,In Relationship,2,4,0,Medium,0,Europe,Social-Network
403,20,Female,Undergraduate,Ireland,4.1,TikTok,Yes,7.8,7,Single,3,6,1,Medium,0,Europe,Entertain-Scroll
404,22,Male,Graduate,India,6.6,WhatsApp,Yes,5.7,5,In Relationship,4,8,1,High,1,Asia,Direct-Messaging
405,19,Female,Undergraduate,Switzerland,3.1,Instagram,No,8.7,8,Single,2,4,0,Medium,0,Europe,Entertain-Scroll
406,21,Male,Graduate,Turkey,4.7,Instagram,Yes,7.5,6,Single,3,7,1,Medium,2,Asia,Entertain-Scroll
407,20,Female,Undergraduate,USA,7.6,TikTok,Yes,4.7,5,In Relationship,4,9,1,High,1,North America,Entertain-Scroll
408,22,Male,Graduate,Mexico,6.4,WhatsApp,Yes,5.8,6,Single,3,7,1,Medium,1,North America,Direct-Messaging
409,19,Female,Undergraduate,France,3.7,Instagram,No,8.3,7,In Relationship,2,5,0,Medium,0,Europe,Entertain-Scroll
410,21,Male,Graduate,Canada,4.5,Instagram,Yes,7.7,6,Single,3,7,1,Medium,2,North America,Entertain-Scroll
411,20,Female,Undergraduate,Spain,4.3,TikTok,Yes,7.6,6,Single,3,7,1,Medium,2,Europe,Entertain-Scroll
412,22,Male,Graduate,Denmark,3.1,Facebook,No,8.7,8,In Relationship,2,4,0,Medium,0,Europe,Social-Network
413,19,Female,Undergraduate,Ireland,4.0,Instagram,Yes,7.9,7,Single,3,6,1,Medium,0,Europe,Entertain-Scroll
414,21,Male,Graduate,India,6.7,WhatsApp,Yes,5.6,5,In Relationship,4,8,1,High,1,Asia,Direct-Messaging
415,20,Female,Undergraduate,Switzerland,3.0,Instagram,No,8.8,8,Single,2,4,0,Medium,0,Europe,Entertain-Scroll
416,22,Male,Graduate,Turkey,4.6,TikTok,Yes,7.6,6,Single,3,7,1,Medium,2,Asia,Entertain-Scroll
417,19,Female,Undergraduate,USA,7.7,Instagram,Yes,4.6,5,In Relationship,4,9,1,High,1,North America,Entertain-Scroll
418,21,Male,Graduate,Mexico,6.5,WhatsApp,Yes,5.7,6,Single,3,7,1,Medium,1,North America,Direct-Messaging
419,20,Female,Undergraduate,France,3.6,Instagram,No,8.4,7,In Relationship,2,5,0,Medium,0,Europe,Entertain-Scroll
420,22,Male,Graduate,Canada,4.4,TikTok,Yes,7.8,6,Single,3,7,1,Medium,2,North America,Entertain-Scroll
421,19,Female,Undergraduate,Spain,4.2,Instagram,Yes,7.7,6,Single,3,7,1,Medium,2,Europe,Entertain-Scroll
422,21,Male,Graduate,Denmark,3.0,Facebook,No,8.8,8,In Relationship,2,4,0,Medium,0,Europe,Social-Network
423,20,Female,Undergraduate,Ireland,3.9,TikTok,Yes,8.0,7,Single,3,6,1,Medium,0,Europe,Entertain-Scroll
424,22,Male,Graduate,India,6.8,WhatsApp,Yes,5.5,5,In Relationship,4,8,1,High,1,Asia,Direct-Messaging
425,19,Female,Undergraduate,Switzerland,2.9,Instagram,No,8.9,8,Single,2,4,0,Medium,0,Europe,Entertain-Scroll
426,21,Male,Graduate,Turkey,4.5,Instagram,Yes,7.7,6,Single,3,7,1,Medium,2,Asia,Entertain-Scroll
427,20,Female,Undergraduate,USA,7.8,TikTok,Yes,4.5,5,In Relationship,4,9,1,High,1,North America,Entertain-Scroll
428,22,Male,Graduate,Mexico,6.6,WhatsApp,Yes,5.6,6,Single,3,7,1,Medium,1,North America,Direct-Messaging
429,19,Female,Undergraduate,France,3.5,Instagram,No,8.5,7,In Relationship,2,5,0,Medium,0,Europe,Entertain-Scroll
430,21,Male,Graduate,Canada,4.3,Instagram,Yes,7.9,6,Single,3,7,1,Medium,2,North America,Entertain-Scroll
431,20,Female,Undergraduate,Spain,4.1,TikTok,Yes,7.8,6,Single,3,7,1,Medium,2,Europe,Entertain-Scroll
432,22,Male,Graduate,Denmark,2.9,Facebook,No,8.9,8,In Relationship,2,4,0,Medium,0,Europe,Social-Network
433,19,Female,Undergraduate,Ireland,3.8,Instagram,Yes,8.1,7,Single,3,6,1,Medium,0,Europe,Entertain-Scroll
434,21,Male,Graduate,India,6.9,WhatsApp,Yes,5.4,5,In Relationship,4,8,1,High,1,Asia,Direct-Messaging
435,20,Female,Undergraduate,Switzerland,2.8,Instagram,No,9.0,8,Single,2,4,0,Medium,0,Europe,Entertain-Scroll
436,22,Male,Graduate,Turkey,4.4,TikTok,Yes,7.8,6,Single,3,7,1,Medium,2,Asia,Entertain-Scroll
437,19,Female,Undergraduate,USA,7.9,Instagram,Yes,4.4,5,In Relationship,4,9,1,High,1,North America,Entertain-Scroll
438,21,Male,Graduate,Mexico,6.7,WhatsApp,Yes,5.5,6,Single,3,7,1,Medium,1,North America,Direct-Messaging
439,20,Female,Undergraduate,France,3.4,Instagram,No,8.6,7,In Relationship,2,5,0,Medium,0,Europe,Entertain-Scroll
440,22,Male,Graduate,Canada,4.2,TikTok,Yes,8.0,6,Single,3,7,1,Medium,2,North America,Entertain-Scroll
441,19,Female,Undergraduate,Spain,4.0,Instagram,Yes,7.9,6,Single,3,7,1,Medium,2,Europe,Entertain-Scroll
442,21,Male,Graduate,Denmark,2.8,Facebook,No,9.0,8,In Relationship,2,4,0,Medium,0,Europe,Social-Network
443,20,Female,Undergraduate,Ireland,3.7,TikTok,Yes,8.2,7,Single,3,6,1,Medium,0,Europe,Entertain-Scroll
444,22,Male,Graduate,India,7.0,WhatsApp,Yes,5.3,5,In Relationship,4,8,1,High,1,Asia,Direct-Messaging
445,19,Female,Undergraduate,Switzerland,2.7,Instagram,No,9.1,8,Single,2,4,0,Medium,0,Europe,Entertain-Scroll
446,21,Male,Graduate,Turkey,4.3,Instagram,Yes,7.9,6,Single,3,7,1,Medium,2,Asia,Entertain-Scroll
447,20,Female,Undergraduate,USA,8.0,TikTok,Yes,4.3,5,In Relationship,4,9,1,High,1,North America,Entertain-Scroll
448,22,Male,Graduate,Mexico,6.8,WhatsApp,Yes,5.4,6,Single,3,7,1,Medium,1,North America,Direct-Messaging
449,19,Female,Undergraduate,France,3.3,Instagram,No,8.7,7,In Relationship,2,5,0,Medium,0,Europe,Entertain-Scroll
450,21,Male,Graduate,Canada,4.1,Instagram,Yes,8.1,6,Single,3,7,1,Medium,2,North America,Entertain-Scroll
451,20,Female,Undergraduate,Spain,3.9,TikTok,Yes,8.0,6,Single,3,7,1,Medium,2,Europe,Entertain-Scroll
452,22,Male,Graduate,Denmark,2.7,Facebook,No,9.1,8,In Relationship,2,4,0,Medium,0,Europe,Social-Network
453,19,Female,Undergraduate,Ireland,3.6,Instagram,Yes,8.3,7,Single,3,6,1,Medium,0,Europe,Entertain-Scroll
454,21,Male,Graduate,India,7.1,WhatsApp,Yes,5.2,5,In Relationship,4,8,1,High,1,Asia,Direct-Messaging
455,20,Female,Undergraduate,Switzerland,2.6,Instagram,No,9.2,8,Single,2,4,0,Medium,0,Europe,Entertain-Scroll
456,22,Male,Graduate,Turkey,4.2,TikTok,Yes,8.0,6,Single,3,7,1,Medium,2,Asia,Entertain-Scroll
457,19,Female,Undergraduate,USA,8.1,Instagram,Yes,4.2,5,In Relationship,4,9,1,High,1,North America,Entertain-Scroll
458,21,Male,Graduate,Mexico,6.9,WhatsApp,Yes,5.3,6,Single,3,7,1,Medium,1,North America,Direct-Messaging
459,20,Female,Undergraduate,France,3.2,Instagram,No,8.8,7,In Relationship,2,5,0,Medium,0,Europe,Entertain-Scroll
460,22,Male,Graduate,Canada,4.0,TikTok,Yes,8.2,6,Single,3,7,1,Medium,2,North America,Entertain-Scroll
461,19,Female,Undergraduate,Spain,3.8,Instagram,Yes,8.1,6,Single,3,7,1,Medium,2,Europe,Entertain-Scroll
462,21,Male,Graduate,Denmark,2.6,Facebook,No,9.2,8,In Relationship,2,4,0,Medium,0,Europe,Social-Network
463,20,Female,Undergraduate,Ireland,3.5,TikTok,Yes,8.4,7,Single,3,6,1,Medium,0,Europe,Entertain-Scroll
464,22,Male,Graduate,India,7.2,WhatsApp,Yes,5.1,5,In Relationship,4,8,1,High,1,Asia,Direct-Messaging
465,19,Female,Undergraduate,Switzerland,2.5,Instagram,No,9.3,8,Single,2,4,0,Medium,0,Europe,Entertain-Scroll
466,21,Male,Graduate,Turkey,4.1,Instagram,Yes,8.1,6,Single,3,7,1,Medium,2,Asia,Entertain-Scroll
467,20,Female,Undergraduate,USA,8.2,TikTok,Yes,4.1,5,In Relationship,4,9,1,High,1,North America,Entertain-Scroll
468,22,Male,Graduate,Mexico,7.0,WhatsApp,Yes,5.2,6,Single,3,7,1,Medium,1,North America,Direct-Messaging
469,19,Female,Undergraduate,France,3.1,Instagram,No,8.9,7,In Relationship,2,5,0,Medium,0,Europe,Entertain-Scroll
470,21,Male,Graduate,Canada,3.9,Instagram,Yes,8.3,6,Single,3,7,1,Medium,2,North America,Entertain-Scroll
471,20,Female,Undergraduate,Spain,3.7,TikTok,Yes,8.2,6,Single,3,7,1,Medium,2,Europe,Entertain-Scroll
472,22,Male,Graduate,Denmark,2.5,Facebook,No,9.3,8,In Relationship,2,4,0,Medium,0,Europe,Social-Network
473,19,Female,Undergraduate,Ireland,3.4,Instagram,Yes,8.5,7,Single,3,6,1,Medium,0,Europe,Entertain-Scroll
474,21,Male,Graduate,India,7.3,WhatsApp,Yes,5.0,5,In Relationship,4,8,1,High,1,Asia,Direct-Messaging
475,20,Female,Undergraduate,Switzerland,2.4,Instagram,No,9.4,8,Single,2,4,0,Medium,0,Europe,Entertain-Scroll
476,22,Male,Graduate,Turkey,4.0,TikTok,Yes,8.2,6,Single,3,7,1,Medium,2,Asia,Entertain-Scroll
477,19,Female,Undergraduate,USA,8.3,Instagram,Yes,4.0,5,In Relationship,4,9,1,High,1,North America,Entertain-Scroll
478,21,Male,Graduate,Mexico,7.1,WhatsApp,Yes,5.1,6,Single,3,7,1,Medium,1,North America,Direct-Messaging
479,20,Female,Undergraduate,France,3.0,Instagram,No,9.0,7,In Relationship,2,5,0,Medium,0,Europe,Entertain-Scroll
480,22,Male,Graduate,Canada,3.8,TikTok,Yes,8.4,6,Single,3,7,1,Medium,2,North America,Entertain-Scroll
481,19,Female,Undergraduate,Spain,3.6,Instagram,Yes,8.3,6,Single,3,7,1,Medium,2,Europe,Entertain-Scroll
482,21,Male,Graduate,Denmark,2.4,Facebook,No,9.4,8,In Relationship,2,4,0,Medium,0,Europe,Social-Network
483,20,Female,Undergraduate,Ireland,3.3,TikTok,Yes,8.6,7,Single,3,6,1,Medium,0,Europe,Entertain-Scroll
484,22,Male,Graduate,India,7.4,WhatsApp,Yes,4.9,5,In Relationship,4,8,1,High,1,Asia,Direct-Messaging
485,19,Female,Undergraduate,Switzerland,2.3,Instagram,No,9.5,8,Single,2,4,0,Medium,0,Europe,Entertain-Scroll
486,21,Male,Graduate,Turkey,3.9,Instagram,Yes,8.3,6,Single,3,7,1,Medium,2,Asia,Entertain-Scroll
487,20,Female,Undergraduate,USA,8.4,TikTok,Yes,3.9,5,In Relationship,4,9,1,High,1,North America,Entertain-Scroll
488,22,Male,Graduate,Mexico,7.2,WhatsApp,Yes,5.0,6,Single,3,7,1,Medium,1,North America,Direct-Messaging
489,19,Female,Undergraduate,France,2.9,Instagram,No,9.1,7,In Relationship,2,5,0,Medium,0,Europe,Entertain-Scroll
490,21,Male,Graduate,Canada,3.7,Instagram,Yes,8.5,6,Single,3,7,1,Medium,2,North America,Entertain-Scroll
491,20,Female,Undergraduate,Spain,3.5,TikTok,Yes,8.4,6,Single,3,7,1,Medium,2,Europe,Entertain-Scroll
492,22,Male,Graduate,Denmark,2.3,Facebook,No,9.5,8,In Relationship,2,4,0,Medium,0,Europe,Social-Network
493,19,Female,Undergraduate,Ireland,3.2,Instagram,Yes,8.7,7,Single,3,6,1,Medium,0,Europe,Entertain-Scroll
494,21,Male,Graduate,India,7.5,WhatsApp,Yes,4.8,5,In Relationship,4,8,1,High,1,Asia,Direct-Messaging
495,20,Female,Undergraduate,Switzerland,2.2,Instagram,No,9.6,8,Single,2,4,0,Medium,0,Europe,Entertain-Scroll
496,22,Male,Graduate,Turkey,3.8,TikTok,Yes,8.4,6,Single,3,7,1,Medium,2,Asia,Entertain-Scroll
497,19,Female,Undergraduate,USA,8.5,Instagram,Yes,3.8,5,In Relationship,4,9,1,High,1,North America,Entertain-Scroll
498,21,Male,Graduate,Mexico,7.3,WhatsApp,Yes,4.9,6,Single,3,7,1,Medium,1,North America,Direct-Messaging
499,20,Female,Undergraduate,France,2.8,Instagram,No,9.2,7,In Relationship,2,5,0,Medium,0,Europe,Entertain-Scroll
500,22,Male,Graduate,Canada,3.6,TikTok,Yes,8.6,6,Single,3,7,1,Medium,2,North America,Entertain-Scroll
501,19,Female,Undergraduate,Brazil,6.2,WhatsApp,Yes,6.3,6,Single,3,7,1,Medium,2,South America,Direct-Messaging
502,21,Male,Graduate,China,4.5,WeChat,No,7.8,7,In Relationship,2,5,0,Medium,0,Asia,Direct-Messaging
503,20,Female,Undergraduate,Netherlands,3.8,Instagram,No,8.2,8,Single,2,4,0,Medium,0,Europe,Entertain-Scroll
504,22,Male,Graduate,New Zealand,4.7,Instagram,Yes,7.5,7,In Relationship,3,6,1,Medium,0,Oceania,Entertain-Scroll
505,19,Female,Undergraduate,Singapore,5.1,TikTok,Yes,7.0,6,Single,3,7,1,Medium,2,Asia,Entertain-Scroll
506,21,Male,Graduate,Malaysia,5.5,WhatsApp,Yes,6.8,6,Single,3,7,1,Medium,2,Asia,Direct-Messaging
507,20,Female,Undergraduate,UAE,6.5,Instagram,Yes,6.5,5,In Relationship,4,8,1,High,1,Asia,Entertain-Scroll
508,22,Male,Graduate,Poland,4.2,Facebook,No,7.9,7,Single,2,5,0,Medium,0,Europe,Social-Network
509,19,Female,Undergraduate,India,6.8,WhatsApp,Yes,6.0,5,In Relationship,4,8,1,High,1,Asia,Direct-Messaging
510,21,Male,Graduate,Canada,4.8,Instagram,Yes,7.4,7,Single,3,6,1,Medium,0,North America,Entertain-Scroll
511,20,Female,Undergraduate,Brazil,6.1,Instagram,Yes,6.4,6,Single,3,7,1,Medium,2,South America,Entertain-Scroll
512,22,Male,Graduate,China,4.4,WeChat,No,7.9,7,In Relationship,2,5,0,Medium,0,Asia,Direct-Messaging
513,19,Female,Undergraduate,Netherlands,3.7,TikTok,No,8.3,8,Single,2,4,0,Medium,0,Europe,Entertain-Scroll
514,21,Male,Graduate,New Zealand,4.6,Instagram,Yes,7.6,7,In Relationship,3,6,1,Medium,0,Oceania,Entertain-Scroll
515,20,Female,Undergraduate,Singapore,5.2,TikTok,Yes,6.9,6,Single,3,7,1,Medium,2,Asia,Entertain-Scroll
516,22,Male,Graduate,Malaysia,5.6,WhatsApp,Yes,6.7,6,Single,3,7,1,Medium,2,Asia,Direct-Messaging
517,19,Female,Undergraduate,UAE,6.6,Instagram,Yes,6.4,5,In Relationship,4,8,1,High,1,Asia,Entertain-Scroll
518,21,Male,Graduate,Poland,4.1,Facebook,No,8.0,7,Single,2,5,0,Medium,0,Europe,Social-Network
519,20,Female,Undergraduate,India,6.9,WhatsApp,Yes,5.9,5,In Relationship,4,8,1,High,1,Asia,Direct-Messaging
520,22,Male,Graduate,Canada,4.7,TikTok,Yes,7.5,7,Single,3,6,1,Medium,0,North America,Entertain-Scroll
521,19,Female,Undergraduate,Brazil,6.0,WhatsApp,Yes,6.5,6,Single,3,7,1,Medium,2,South America,Direct-Messaging
522,21,Male,Graduate,China,4.3,WeChat,No,8.0,7,In Relationship,2,5,0,Medium,0,Asia,Direct-Messaging
523,20,Female,Undergraduate,Netherlands,3.6,Instagram,No,8.4,8,Single,2,4,0,Medium,0,Europe,Entertain-Scroll
524,22,Male,Graduate,New Zealand,4.5,Facebook,Yes,7.7,7,In Relationship,3,6,1,Medium,0,Oceania,Social-Network
525,19,Female,Undergraduate,Singapore,5.3,TikTok,Yes,6.8,6,Single,3,7,1,Medium,2,Asia,Entertain-Scroll
526,21,Male,Graduate,Malaysia,5.7,WhatsApp,Yes,6.6,6,Single,3,7,1,Medium,2,Asia,Direct-Messaging
527,20,Female,Undergraduate,UAE,6.7,Instagram,Yes,6.3,5,In Relationship,4,8,1,High,1,Asia,Entertain-Scroll
528,22,Male,Graduate,Poland,4.0,Facebook,No,8.1,7,Single,2,5,0,Medium,0,Europe,Social-Network
529,19,Female,Undergraduate,India,7.0,WhatsApp,Yes,5.8,5,In Relationship,4,8,1,High,1,Asia,Direct-Messaging
530,21,Male,Graduate,Canada,4.6,Instagram,Yes,7.6,7,Single,3,6,1,Medium,0,North America,Entertain-Scroll
531,20,Female,Undergraduate,Brazil,5.9,TikTok,Yes,6.6,6,Single,3,7,1,Medium,2,South America,Entertain-Scroll
532,22,Male,Graduate,China,4.2,WeChat,No,8.1,7,In Relationship,2,5,0,Medium,0,Asia,Direct-Messaging
533,19,Female,Undergraduate,Netherlands,3.5,Instagram,No,8.5,8,Single,2,4,0,Medium,0,Europe,Entertain-Scroll
534,21,Male,Graduate,New Zealand,4.4,Facebook,Yes,7.8,7,In Relationship,3,6,1,Medium,0,Oceania,Social-Network
535,20,Female,Undergraduate,Singapore,5.4,TikTok,Yes,6.7,6,Single,3,7,1,Medium,2,Asia,Entertain-Scroll
536,22,Male,Graduate,Malaysia,5.8,WhatsApp,Yes,6.5,6,Single,3,7,1,Medium,2,Asia,Direct-Messaging
537,19,Female,Undergraduate,UAE,6.8,Instagram,Yes,6.2,5,In Relationship,4,8,1,High,1,Asia,Entertain-Scroll
538,21,Male,Graduate,Poland,3.9,Facebook,No,8.2,7,Single,2,5,0,Medium,0,Europe,Social-Network
539,20,Female,Undergraduate,India,7.1,WhatsApp,Yes,5.7,5,In Relationship,4,8,1,High,1,Asia,Direct-Messaging
540,22,Male,Graduate,Canada,4.5,TikTok,Yes,7.7,7,Single,3,6,1,Medium,0,North America,Entertain-Scroll
541,19,Female,Undergraduate,Brazil,5.8,WhatsApp,Yes,6.7,6,Single,3,7,1,Medium,2,South America,Direct-Messaging
542,21,Male,Graduate,China,4.1,WeChat,No,8.2,7,In Relationship,2,5,0,Medium,0,Asia,Direct-Messaging
543,20,Female,Undergraduate,Netherlands,3.4,Instagram,No,8.6,8,Single,2,4,0,Medium,0,Europe,Entertain-Scroll
544,22,Male,Graduate,New Zealand,4.3,Instagram,Yes,7.9,7,In Relationship,3,6,1,Medium,0,Oceania,Entertain-Scroll
545,19,Female,Undergraduate,Singapore,5.5,TikTok,Yes,6.6,6,Single,3,7,1,Medium,2,Asia,Entertain-Scroll
546,21,Male,Graduate,Malaysia,5.9,WhatsApp,Yes,6.4,6,Single,3,7,1,Medium,2,Asia,Direct-Messaging
547,20,Female,Undergraduate,UAE,6.9,Instagram,Yes,6.1,5,In Relationship,4,8,1,High,1,Asia,Entertain-Scroll
548,22,Male,Graduate,Poland,3.8,Facebook,No,8.3,7,Single,2,5,0,Medium,0,Europe,Social-Network
549,19,Female,Undergraduate,India,7.2,WhatsApp,Yes,5.6,5,In Relationship,4,8,1,High,1,Asia,Direct-Messaging
550,21,Male,Graduate,Canada,4.4,Instagram,Yes,7.8,7,Single,3,6,1,Medium,0,North America,Entertain-Scroll
551,20,Female,Undergraduate,Brazil,5.7,TikTok,Yes,6.8,6,Single,3,7,1,Medium,2,South America,Entertain-Scroll
552,22,Male,Graduate,China,4.0,WeChat,No,8.3,7,In Relationship,2,5,0,Medium,0,Asia,Direct-Messaging
553,19,Female,Undergraduate,Netherlands,3.3,Instagram,No,8.7,8,Single,2,4,0,Medium,0,Europe,Entertain-Scroll
554,21,Male,Graduate,New Zealand,4.2,Facebook,Yes,8.0,7,In Relationship,3,6,1,Medium,0,Oceania,Social-Network
555,20,Female,Undergraduate,Singapore,5.6,TikTok,Yes,6.5,6,Single,3,7,1,Medium,2,Asia,Entertain-Scroll
556,22,Male,Graduate,Malaysia,6.0,WhatsApp,Yes,6.3,6,Single,3,7,1,Medium,2,Asia,Direct-Messaging
557,19,Female,Undergraduate,UAE,7.0,Instagram,Yes,6.0,5,In Relationship,4,8,1,High,1,Asia,Entertain-Scroll
558,21,Male,Graduate,Poland,3.7,Facebook,No,8.4,7,Single,2,5,0,Medium,0,Europe,Social-Network
559,20,Female,Undergraduate,India,7.3,WhatsApp,Yes,5.5,5,In Relationship,4,8,1,High,1,Asia,Direct-Messaging
560,22,Male,Graduate,Canada,4.3,TikTok,Yes,7.9,7,Single,3,6,1,Medium,0,North America,Entertain-Scroll
561,19,Female,Undergraduate,Brazil,5.6,WhatsApp,Yes,6.9,6,Single,3,7,1,Medium,2,South America,Direct-Messaging
562,21,Male,Graduate,China,3.9,WeChat,No,8.4,7,In Relationship,2,5,0,Medium,0,Asia,Direct-Messaging
563,20,Female,Undergraduate,Netherlands,3.2,Instagram,No,8.8,8,Single,2,4,0,Medium,0,Europe,Entertain-Scroll
564,22,Male,Graduate,New Zealand,4.1,Instagram,Yes,8.1,7,In Relationship,3,6,1,Medium,0,Oceania,Entertain-Scroll
565,19,Female,Undergraduate,Singapore,5.7,TikTok,Yes,6.4,6,Single,3,7,1,Medium,2,Asia,Entertain-Scroll
566,21,Male,Graduate,Malaysia,6.1,WhatsApp,Yes,6.2,6,Single,3,7,1,Medium,2,Asia,Direct-Messaging
567,20,Female,Undergraduate,UAE,7.1,Instagram,Yes,5.9,5,In Relationship,4,8,1,High,1,Asia,Entertain-Scroll
568,22,Male,Graduate,Poland,3.6,Facebook,No,8.5,7,Single,2,5,0,Medium,0,Europe,Social-Network
569,19,Female,Undergraduate,India,7.4,WhatsApp,Yes,5.4,5,In Relationship,4,8,1,High,1,Asia,Direct-Messaging
570,21,Male,Graduate,Canada,4.2,Instagram,Yes,8.0,7,Single,3,6,1,Medium,0,North America,Entertain-Scroll
571,20,Female,Undergraduate,Spain,6.1,Instagram,Yes,7.2,5,Single,4,7,1,Medium,2,Europe,Entertain-Scroll
572,23,Male,Graduate,Denmark,3.8,Twitter,No,7.8,8,In Relationship,2,4,0,Medium,0,Europe,Social-Network
573,19,Female,Undergraduate,Ireland,5.5,TikTok,Yes,6.8,6,Single,4,8,1,High,2,Europe,Entertain-Scroll
574,22,Male,Graduate,India,7.2,Facebook,Yes,5.9,4,Single,5,9,1,High,1,Asia,Social-Network
575,21,Female,Undergraduate,Switzerland,4.2,Instagram,No,7.5,7,In Relationship,2,5,0,Medium,0,Europe,Entertain-Scroll
576,24,Male,Graduate,Turkey,6.8,TikTok,Yes,6.2,5,Single,4,8,1,High,1,Asia,Entertain-Scroll
577,20,Female,Undergraduate,USA,5.9,Instagram,Yes,6.7,6,In Relationship,3,7,1,Medium,2,North America,Entertain-Scroll
578,22,Male,Graduate,Mexico,6.5,Facebook,Yes,6.1,5,Single,4,8,1,High,1,North America,Social-Network
579,19,Female,Undergraduate,France,4.7,Twitter,No,7.4,7,Single,2,5,0,Medium,0,Europe,Social-Network
580,23,Male,Graduate,Canada,5.2,Instagram,Yes,7.0,6,In Relationship,3,6,1,Medium,2,North America,Entertain-Scroll
581,21,Female,Undergraduate,UK,6.3,TikTok,Yes,6.4,5,Single,4,8,1,High,1,Europe,Entertain-Scroll
582,24,Male,Graduate,Italy,4.9,Facebook,No,7.3,7,In Relationship,2,5,0,Medium,0,Europe,Social-Network
583,20,Female,Undergraduate,Russia,6.7,Instagram,Yes,6.0,5,Single,4,8,1,High,1,Europe,Entertain-Scroll
584,22,Male,Graduate,China,5.8,WeChat,Yes,6.5,6,In Relationship,3,7,1,Medium,2,Asia,Direct-Messaging
585,19,Female,Undergraduate,Japan,4.5,Twitter,No,7.6,8,Single,2,4,0,Medium,0,Asia,Social-Network
586,23,Male,Graduate,Poland,6.4,Facebook,Yes,6.3,5,Single,4,8,1,High,1,Europe,Social-Network
587,21,Female,Undergraduate,Finland,4.1,Instagram,No,7.7,7,In Relationship,2,5,0,Medium,0,Europe,Entertain-Scroll
588,24,Male,Graduate,Spain,6.6,TikTok,Yes,6.2,5,Single,4,8,1,High,1,Europe,Entertain-Scroll
589,20,Female,Undergraduate,Denmark,4.4,Instagram,No,7.4,7,In Relationship,2,5,0,Medium,0,Europe,Entertain-Scroll
590,22,Male,Graduate,Ireland,5.7,Twitter,Yes,6.8,6,Single,3,7,1,Medium,2,Europe,Social-Network
591,19,Female,Undergraduate,India,7.0,Instagram,Yes,5.8,4,Single,5,9,1,High,1,Asia,Entertain-Scroll
592,23,Male,Graduate,Switzerland,4.3,Facebook,No,7.5,7,In Relationship,2,5,0,Medium,0,Europe,Social-Network
593,21,Female,Undergraduate,Turkey,6.9,TikTok,Yes,6.1,5,Single,4,8,1,High,1,Asia,Entertain-Scroll
594,24,Male,Graduate,USA,5.6,Instagram,Yes,6.9,6,In Relationship,3,7,1,Medium,2,North America,Entertain-Scroll
595,20,Female,Undergraduate,Mexico,6.2,Facebook,Yes,6.3,5,Single,4,8,1,High,1,North America,Social-Network
596,21,Male,Undergraduate,France,5.8,Instagram,Yes,6.7,6,Single,3,7,1,Medium,2,Europe,Entertain-Scroll
597,23,Female,Graduate,Canada,4.9,TikTok,No,7.3,7,In Relationship,2,5,0,Medium,0,North America,Entertain-Scroll
598,20,Male,Undergraduate,UK,6.4,Facebook,Yes,6.2,5,Single,4,8,1,High,1,Europe,Social-Network
599,22,Female,Graduate,Italy,5.1,Twitter,No,7.1,7,In Relationship,2,5,0,Medium,0,Europe,Social-Network
600,19,Male,Undergraduate,Russia,6.7,Instagram,Yes,6.0,4,Single,4,8,1,High,1,Europe,Entertain-Scroll
601,24,Female,Graduate,China,5.5,WeChat,Yes,6.8,6,In Relationship,3,7,1,Medium,2,Asia,Direct-Messaging
602,21,Male,Undergraduate,Japan,4.3,Twitter,No,7.6,8,Single,2,4,0,Medium,0,Asia,Social-Network
603,23,Female,Graduate,Poland,6.2,Instagram,Yes,6.4,5,Single,4,8,1,High,1,Europe,Entertain-Scroll
604,20,Male,Undergraduate,Finland,4.5,Facebook,No,7.4,7,In Relationship,2,5,0,Medium,0,Europe,Social-Network
605,22,Female,Graduate,Spain,6.3,TikTok,Yes,6.3,5,Single,4,8,1,High,1,Europe,Entertain-Scroll
606,19,Male,Undergraduate,Denmark,4.7,Instagram,No,7.2,7,In Relationship,2,5,0,Medium,0,Europe,Entertain-Scroll
607,24,Female,Graduate,Ireland,5.9,Twitter,Yes,6.6,6,Single,3,7,1,Medium,2,Europe,Social-Network
608,21,Male,Undergraduate,India,7.1,Facebook,Yes,5.7,4,Single,5,9,1,High,1,Asia,Social-Network
609,23,Female,Graduate,Switzerland,4.4,Instagram,No,7.4,7,In Relationship,2,5,0,Medium,0,Europe,Entertain-Scroll
610,20,Male,Undergraduate,Turkey,6.6,TikTok,Yes,6.2,5,Single,4,8,1,High,1,Asia,Entertain-Scroll
611,22,Female,Graduate,USA,5.4,Instagram,Yes,6.9,6,In Relationship,3,7,1,Medium,2,North America,Entertain-Scroll
612,19,Male,Undergraduate,Mexico,6.5,Facebook,Yes,6.1,5,Single,4,8,1,High,1,North America,Social-Network
613,24,Female,Graduate,France,4.8,Twitter,No,7.3,7,In Relationship,2,5,0,Medium,0,Europe,Social-Network
614,21,Male,Undergraduate,Canada,5.7,Instagram,Yes,6.7,6,Single,3,7,1,Medium,2,North America,Entertain-Scroll
615,23,Female,Graduate,UK,6.1,TikTok,Yes,6.4,5,Single,4,8,1,High,1,Europe,Entertain-Scroll
616,20,Male,Undergraduate,Italy,4.6,Facebook,No,7.2,7,In Relationship,2,5,0,Medium,0,Europe,Social-Network
617,22,Female,Graduate,Russia,6.8,Instagram,Yes,5.9,4,Single,5,9,1,High,1,Europe,Entertain-Scroll
618,19,Male,Undergraduate,China,5.6,WeChat,Yes,6.8,6,In Relationship,3,7,1,Medium,2,Asia,Direct-Messaging
619,24,Female,Graduate,Japan,4.2,Twitter,No,7.5,8,Single,2,4,0,Medium,0,Asia,Social-Network
620,21,Male,Undergraduate,Poland,6.3,TikTok,Yes,6.3,5,Single,4,8,1,High,1,Europe,Entertain-Scroll
621,23,Female,Graduate,Finland,4.4,Instagram,No,7.4,7,In Relationship,2,5,0,Medium,0,Europe,Entertain-Scroll
622,20,Male,Undergraduate,Spain,6.5,Facebook,Yes,6.2,5,Single,4,8,1,High,1,Europe,Social-Network
623,22,Female,Graduate,Denmark,4.6,Twitter,No,7.3,7,In Relationship,2,5,0,Medium,0,Europe,Social-Network
624,19,Male,Undergraduate,Ireland,5.8,Instagram,Yes,6.6,6,Single,3,7,1,Medium,2,Europe,Entertain-Scroll
625,24,Female,Graduate,India,7.0,TikTok,Yes,5.8,4,Single,5,9,1,High,1,Asia,Entertain-Scroll
626,21,Male,Undergraduate,Switzerland,4.5,Facebook,No,7.3,7,In Relationship,2,5,0,Medium,0,Europe,Social-Network
627,23,Female,Graduate,Turkey,6.7,Instagram,Yes,6.1,5,Single,4,8,1,High,1,Asia,Entertain-Scroll
628,20,Male,Undergraduate,USA,5.5,Twitter,Yes,6.8,6,In Relationship,3,7,1,Medium,2,North America,Social-Network
629,22,Female,Graduate,Mexico,6.4,Facebook,Yes,6.2,5,Single,4,8,1,High,1,North America,Social-Network
630,19,Male,Undergraduate,France,4.7,Instagram,No,7.2,7,In Relationship,2,5,0,Medium,0,Europe,Entertain-Scroll
631,24,Female,Graduate,Canada,5.6,TikTok,Yes,6.7,6,Single,3,7,1,Medium,2,North America,Entertain-Scroll
632,21,Male,Undergraduate,UK,6.2,Facebook,Yes,6.3,5,Single,4,8,1,High,1,Europe,Social-Network
633,23,Female,Graduate,Italy,4.8,Twitter,No,7.1,7,In Relationship,2,5,0,Medium,0,Europe,Social-Network
634,20,Male,Undergraduate,Russia,6.9,Instagram,Yes,5.9,4,Single,5,9,1,High,1,Europe,Entertain-Scroll
635,22,Female,Graduate,China,5.7,WeChat,Yes,6.7,6,In Relationship,3,7,1,Medium,2,Asia,Direct-Messaging
636,19,Male,Undergraduate,Japan,4.4,Twitter,No,7.4,8,Single,2,4,0,Medium,0,Asia,Social-Network
637,24,Female,Graduate,Poland,6.1,TikTok,Yes,6.4,5,Single,4,8,1,High,1,Europe,Entertain-Scroll
638,21,Male,Undergraduate,Finland,4.3,Instagram,No,7.5,7,In Relationship,2,5,0,Medium,0,Europe,Entertain-Scroll
639,23,Female,Graduate,Spain,6.4,Facebook,Yes,6.2,5,Single,4,8,1,High,1,Europe,Social-Network
640,20,Male,Undergraduate,Denmark,4.5,Twitter,No,7.3,7,In Relationship,2,5,0,Medium,0,Europe,Social-Network
641,22,Female,Graduate,Ireland,5.9,Instagram,Yes,6.5,6,Single,3,7,1,Medium,2,Europe,Entertain-Scroll
642,19,Male,Undergraduate,India,7.2,TikTok,Yes,5.7,4,Single,5,9,1,High,1,Asia,Entertain-Scroll
643,24,Female,Graduate,Switzerland,4.6,Facebook,No,7.2,7,In Relationship,2,5,0,Medium,0,Europe,Social-Network
644,21,Male,Undergraduate,Turkey,6.8,Instagram,Yes,6.0,5,Single,4,8,1,High,1,Asia,Entertain-Scroll
645,23,Female,Graduate,USA,5.3,Twitter,Yes,6.8,6,In Relationship,3,7,1,Medium,2,North America,Social-Network
646,22,Male,Graduate,Mexico,6.3,Facebook,Yes,6.2,5,Single,4,8,1,High,1,North America,Social-Network
647,20,Female,Undergraduate,France,4.8,Instagram,No,7.1,7,In Relationship,2,5,0,Medium,0,Europe,Entertain-Scroll
648,23,Male,Graduate,Canada,5.7,TikTok,Yes,6.6,6,Single,3,7,1,Medium,2,North America,Entertain-Scroll
649,21,Female,Undergraduate,UK,6.2,Twitter,Yes,6.3,5,Single,4,8,1,High,1,Europe,Social-Network
650,24,Male,Graduate,Italy,4.7,Facebook,No,7.2,7,In Relationship,2,5,0,Medium,0,Europe,Social-Network
651,19,Female,Undergraduate,Russia,6.8,Instagram,Yes,5.9,4,Single,5,9,1,High,1,Europe,Entertain-Scroll
652,22,Male,Graduate,China,5.6,WeChat,Yes,6.7,6,In Relationship,3,7,1,Medium,2,Asia,Direct-Messaging
653,20,Female,Undergraduate,Japan,4.3,Twitter,No,7.5,8,Single,2,4,0,Medium,0,Asia,Social-Network
654,23,Male,Graduate,Poland,6.2,TikTok,Yes,6.3,5,Single,4,8,1,High,1,Europe,Entertain-Scroll
655,21,Female,Undergraduate,Finland,4.4,Instagram,No,7.4,7,In Relationship,2,5,0,Medium,0,Europe,Entertain-Scroll
656,24,Male,Graduate,Spain,6.5,Facebook,Yes,6.1,5,Single,4,8,1,High,1,Europe,Social-Network
657,19,Female,Undergraduate,Denmark,4.6,Twitter,No,7.3,7,In Relationship,2,5,0,Medium,0,Europe,Social-Network
658,22,Male,Graduate,Ireland,5.8,Instagram,Yes,6.6,6,Single,3,7,1,Medium,2,Europe,Entertain-Scroll
659,20,Female,Undergraduate,India,7.1,TikTok,Yes,5.8,4,Single,5,9,1,High,1,Asia,Entertain-Scroll
660,23,Male,Graduate,Switzerland,4.5,Facebook,No,7.3,7,In Relationship,2,5,0,Medium,0,Europe,Social-Network
661,21,Female,Undergraduate,Turkey,6.7,Instagram,Yes,6.0,5,Single,4,8,1,High,1,Asia,Entertain-Scroll
662,24,Male,Graduate,USA,5.4,Twitter,Yes,6.8,6,In Relationship,3,7,1,Medium,2,North America,Social-Network
663,19,Female,Undergraduate,Mexico,6.4,TikTok,Yes,6.2,5,Single,4,8,1,High,1,North America,Entertain-Scroll
664,22,Male,Graduate,France,4.7,Facebook,No,7.2,7,In Relationship,2,5,0,Medium,0,Europe,Social-Network
665,20,Female,Undergraduate,Canada,5.6,Instagram,Yes,6.7,6,Single,3,7,1,Medium,2,North America,Entertain-Scroll
666,23,Male,Graduate,UK,6.3,Twitter,Yes,6.2,5,Single,4,8,1,High,1,Europe,Social-Network
667,21,Female,Undergraduate,Italy,4.8,TikTok,No,7.1,7,In Relationship,2,5,0,Medium,0,Europe,Entertain-Scroll
668,24,Male,Graduate,Russia,6.9,Instagram,Yes,5.9,4,Single,5,9,1,High,1,Europe,Entertain-Scroll
669,19,Female,Undergraduate,China,5.7,WeChat,Yes,6.7,6,In Relationship,3,7,1,Medium,2,Asia,Direct-Messaging
670,22,Male,Graduate,Japan,4.4,Twitter,No,7.4,8,Single,2,4,0,Medium,0,Asia,Social-Network
671,20,Female,Undergraduate,Poland,6.1,Facebook,Yes,6.4,5,Single,4,8,1,High,1,Europe,Social-Network
672,23,Male,Graduate,Finland,4.3,Instagram,No,7.5,7,In Relationship,2,5,0,Medium,0,Europe,Entertain-Scroll
673,21,Female,Undergraduate,Spain,6.4,TikTok,Yes,6.2,5,Single,4,8,1,High,1,Europe,Entertain-Scroll
674,24,Male,Graduate,Denmark,4.5,Twitter,No,7.3,7,In Relationship,2,5,0,Medium,0,Europe,Social-Network
675,19,Female,Undergraduate,Ireland,5.9,Instagram,Yes,6.5,6,Single,3,7,1,Medium,2,Europe,Entertain-Scroll
676,22,Male,Graduate,India,7.2,Facebook,Yes,5.7,4,Single,5,9,1,High,1,Asia,Social-Network
677,20,Female,Undergraduate,Switzerland,4.6,TikTok,No,7.2,7,In Relationship,2,5,0,Medium,0,Europe,Entertain-Scroll
678,23,Male,Graduate,Turkey,6.8,Instagram,Yes,6.0,5,Single,4,8,1,High,1,Asia,Entertain-Scroll
679,21,Female,Undergraduate,USA,5.3,Twitter,Yes,6.8,6,In Relationship,3,7,1,Medium,2,North America,Social-Network
680,24,Male,Graduate,Mexico,6.2,Facebook,Yes,6.3,5,Single,4,8,1,High,1,North America,Social-Network
681,19,Female,Undergraduate,France,4.7,Instagram,No,7.2,7,In Relationship,2,5,0,Medium,0,Europe,Entertain-Scroll
682,22,Male,Graduate,Canada,5.8,TikTok,Yes,6.6,6,Single,3,7,1,Medium,2,North America,Entertain-Scroll
683,20,Female,Undergraduate,UK,6.1,Twitter,Yes,6.4,5,Single,4,8,1,High,1,Europe,Social-Network
684,23,Male,Graduate,Italy,4.8,Facebook,No,7.1,7,In Relationship,2,5,0,Medium,0,Europe,Social-Network
685,21,Female,Undergraduate,Russia,6.7,Instagram,Yes,6.0,4,Single,5,9,1,High,1,Europe,Entertain-Scroll
686,24,Male,Graduate,China,5.5,WeChat,Yes,6.8,6,In Relationship,3,7,1,Medium,2,Asia,Direct-Messaging
687,19,Female,Undergraduate,Japan,4.2,Twitter,No,7.5,8,Single,2,4,0,Medium,0,Asia,Social-Network
688,22,Male,Graduate,Poland,6.3,TikTok,Yes,6.2,5,Single,4,8,1,High,1,Europe,Entertain-Scroll
689,20,Female,Undergraduate,Finland,4.4,Instagram,No,7.4,7,In Relationship,2,5,0,Medium,0,Europe,Entertain-Scroll
690,23,Male,Graduate,Spain,6.5,Facebook,Yes,6.1,5,Single,4,8,1,High,1,Europe,Social-Network
691,21,Female,Undergraduate,Denmark,4.6,Twitter,No,7.3,7,In Relationship,2,5,0,Medium,0,Europe,Social-Network
692,24,Male,Graduate,Ireland,5.9,Instagram,Yes,6.5,6,Single,3,7,1,Medium,2,Europe,Entertain-Scroll
693,19,Female,Undergraduate,India,7.0,TikTok,Yes,5.8,4,Single,5,9,1,High,1,Asia,Entertain-Scroll
694,22,Male,Graduate,Switzerland,4.5,Facebook,No,7.3,7,In Relationship,2,5,0,Medium,0,Europe,Social-Network
695,20,Female,Undergraduate,Turkey,6.6,Instagram,Yes,6.1,5,Single,4,8,1,High,1,Asia,Entertain-Scroll
696,23,Male,Graduate,USA,5.5,Twitter,Yes,6.7,6,In Relationship,3,7,1,Medium,2,North America,Social-Network
697,21,Female,Undergraduate,Mexico,6.3,TikTok,Yes,6.2,5,Single,4,8,1,High,1,North America,Entertain-Scroll
698,24,Male,Graduate,France,4.8,Facebook,No,7.1,7,In Relationship,2,5,0,Medium,0,Europe,Social-Network
699,19,Female,Undergraduate,Canada,5.7,Instagram,Yes,6.6,6,Single,3,7,1,Medium,2,North America,Entertain-Scroll
700,22,Male,Graduate,UK,6.2,Twitter,Yes,6.3,5,Single,4,8,1,High,1,Europe,Social-Network
701,20,Female,Undergraduate,Italy,4.7,TikTok,No,7.2,7,In Relationship,2,5,0,Medium,0,Europe,Entertain-Scroll
702,23,Male,Graduate,Russia,6.8,Instagram,Yes,5.9,4,Single,5,9,1,High,1,Europe,Entertain-Scroll
703,21,Female,Undergraduate,China,5.6,WeChat,Yes,6.7,6,In Relationship,3,7,1,Medium,2,Asia,Direct-Messaging
704,24,Male,Graduate,Japan,4.3,Twitter,No,7.5,8,Single,2,4,0,Medium,0,Asia,Social-Network
705,19,Female,Undergraduate,Poland,6.2,Facebook,Yes,6.3,5,Single,4,8,1,High,1,Europe,Social-Network
